run_id,cell_id,condition,family,inheritance_mode,seed,coverage,fidelity,penalty,decorrelated,monitor_policy,expected_penalty_per_defection,realised_enforcement,adaptive_draws,mean_mask_overlap,mean_weight_kl,mean_weight_gini,ticks_completed,extinct,final_population,total_agents,births,deaths,warmstart_applied,warmstart_skipped
A_f0.9_move__lamarckian__s1,A_f0.9_move__lamarckian,A_f0.9_move,A,lamarckian,1,0.5,0.9,6.0,0,adaptive_move,3.0,0.3055360896986685,59,0.5474119718309859,0.09196417596767902,0.15884160875720135,1800,0,50,487,467,437,467,0
A_f0.9_move__lamarckian__s2,A_f0.9_move__lamarckian,A_f0.9_move,A,lamarckian,2,0.5,0.9,6.0,0,adaptive_move,3.0,0.3072157434402332,59,0.539119718309859,0.08889193017421695,0.15226542513447539,1800,0,49,437,417,388,417,0
A_f0.9_move__lamarckian__s3,A_f0.9_move__lamarckian,A_f0.9_move,A,lamarckian,3,0.5,0.9,6.0,0,adaptive_move,3.0,0.3283208020050125,59,0.5385211267605635,0.08165457008009287,0.14616878284830698,1800,0,38,471,451,433,451,0
A_f0.9_move__lamarckian__s4,A_f0.9_move__lamarckian,A_f0.9_move,A,lamarckian,4,0.5,0.9,6.0,0,adaptive_move,3.0,0.3189049204587495,59,0.5411795774647888,0.07585620076465392,0.1396369921501289,1800,0,40,453,433,413,433,0
A_f0.9_move__lamarckian__s5,A_f0.9_move__lamarckian,A_f0.9_move,A,lamarckian,5,0.5,0.9,6.0,0,adaptive_move,3.0,0.30169613857813066,59,0.5406690140845072,0.07991493309509115,0.1458764358915497,1800,0,47,467,447,420,447,0
A_f0.9_move__lamarckian__s6,A_f0.9_move__lamarckian,A_f0.9_move,A,lamarckian,6,0.5,0.9,6.0,0,adaptive_move,3.0,0.32704160246533126,59,0.5434683098591548,0.076797351045898,0.13975881035995816,1800,0,38,450,430,412,430,0
A_f0.9_move__lamarckian__s7,A_f0.9_move__lamarckian,A_f0.9_move,A,lamarckian,7,0.5,0.9,6.0,0,adaptive_move,3.0,0.28537333787930447,59,0.5461971830985916,0.08738196659516241,0.15312237399288114,1800,0,36,435,415,399,415,0
A_f0.9_move__lamarckian__s8,A_f0.9_move__lamarckian,A_f0.9_move,A,lamarckian,8,0.5,0.9,6.0,0,adaptive_move,3.0,0.2952542372881356,59,0.5489964788732397,0.08863086487187345,0.15457610843430367,1800,0,38,465,445,427,445,0
A_f0.9_move__lamarckian__s9,A_f0.9_move__lamarckian,A_f0.9_move,A,lamarckian,9,0.5,0.9,6.0,0,adaptive_move,3.0,0.28733944954128443,59,0.550088028169014,0.08310769565051225,0.14962217209548548,1800,0,33,454,434,421,434,0
A_f0.9_move__lamarckian__s10,A_f0.9_move__lamarckian,A_f0.9_move,A,lamarckian,10,0.5,0.9,6.0,0,adaptive_move,3.0,0.2956231454005935,59,0.545369718309859,0.08550426883727819,0.14942132410807693,1800,0,38,412,392,374,392,0
A_f0.9_move__lamarckian__s11,A_f0.9_move__lamarckian,A_f0.9_move,A,lamarckian,11,0.5,0.9,6.0,0,adaptive_move,3.0,0.32865400495458297,59,0.5394014084507043,0.077684043692144,0.13857079935869557,1800,0,32,434,414,402,414,0
A_f0.9_move__lamarckian__s12,A_f0.9_move__lamarckian,A_f0.9_move,A,lamarckian,12,0.5,0.9,6.0,0,adaptive_move,3.0,0.27161862527716185,59,0.5453521126760565,0.08070467323824378,0.14322017036865722,1800,0,41,425,405,384,405,0
A_f0.9_move__lamarckian__s13,A_f0.9_move__lamarckian,A_f0.9_move,A,lamarckian,13,0.5,0.9,6.0,0,adaptive_move,3.0,0.3137658771026433,59,0.550369718309859,0.0905910552859344,0.15564332435627945,1800,0,39,418,398,379,398,0
A_f0.9_move__lamarckian__s14,A_f0.9_move__lamarckian,A_f0.9_move,A,lamarckian,14,0.5,0.9,6.0,0,adaptive_move,3.0,0.3264619267984855,59,0.5419718309859155,0.08113354547038484,0.14506886911869793,1800,0,46,431,411,385,411,0
A_f0.9_move__lamarckian__s15,A_f0.9_move__lamarckian,A_f0.9_move,A,lamarckian,15,0.5,0.9,6.0,0,adaptive_move,3.0,0.3082411701748127,59,0.5405105633802816,0.08068572886976065,0.1417413729003929,1800,0,50,484,464,434,464,0
A_f0.9_move__lamarckian__s16,A_f0.9_move__lamarckian,A_f0.9_move,A,lamarckian,16,0.5,0.9,6.0,0,adaptive_move,3.0,0.3233736762481089,59,0.5389084507042254,0.07960756829701301,0.143116184195792,1800,0,43,438,418,395,418,0
A_f0.9_move__lamarckian__s17,A_f0.9_move__lamarckian,A_f0.9_move,A,lamarckian,17,0.5,0.9,6.0,0,adaptive_move,3.0,0.26921560898699254,59,0.5403697183098591,0.09234279586622858,0.1563275210304981,1800,0,50,393,373,343,373,0
A_f0.9_move__lamarckian__s18,A_f0.9_move__lamarckian,A_f0.9_move,A,lamarckian,18,0.5,0.9,6.0,0,adaptive_move,3.0,0.3148710166919575,59,0.5474295774647885,0.08130457450798652,0.1451204094906514,1800,0,47,448,428,401,428,0
A_f0.9_move__lamarckian__s19,A_f0.9_move__lamarckian,A_f0.9_move,A,lamarckian,19,0.5,0.9,6.0,0,adaptive_move,3.0,0.3155080213903743,59,0.5428697183098592,0.08419984836399953,0.1468856402772991,1800,0,44,462,442,418,442,0
A_f0.9_move__lamarckian__s20,A_f0.9_move__lamarckian,A_f0.9_move,A,lamarckian,20,0.5,0.9,6.0,0,adaptive_move,3.0,0.316796875,59,0.5426408450704225,0.08291354861208494,0.14833229238841245,1800,0,46,474,454,428,454,0
A_f0.9_move__lamarckian__s21,A_f0.9_move__lamarckian,A_f0.9_move,A,lamarckian,21,0.5,0.9,6.0,0,adaptive_move,3.0,0.2699554642000685,59,0.5514788732394367,0.09714206779065428,0.16456147302030025,1800,0,45,426,406,381,406,0
A_f0.9_move__lamarckian__s22,A_f0.9_move__lamarckian,A_f0.9_move,A,lamarckian,22,0.5,0.9,6.0,0,adaptive_move,3.0,0.28990348923533776,59,0.5417957746478874,0.08331235499555308,0.14892241110041807,1800,0,47,453,433,406,433,0
A_f0.9_move__lamarckian__s23,A_f0.9_move__lamarckian,A_f0.9_move,A,lamarckian,23,0.5,0.9,6.0,0,adaptive_move,3.0,0.3407243163340724,59,0.5457394366197181,0.082069832442966,0.14665868873843285,1800,0,50,503,483,453,483,0
A_f0.9_move__lamarckian__s24,A_f0.9_move__lamarckian,A_f0.9_move,A,lamarckian,24,0.5,0.9,6.0,0,adaptive_move,3.0,0.32374950768018906,59,0.5498415492957747,0.08659778999568142,0.15307566177595142,1800,0,50,489,469,439,469,0
A_f0.9_move__lamarckian__s25,A_f0.9_move__lamarckian,A_f0.9_move,A,lamarckian,25,0.5,0.9,6.0,0,adaptive_move,3.0,0.3112183353437877,59,0.5407570422535211,0.07883240781685844,0.14311691773007737,1800,0,50,443,423,393,423,0
A_f0.9_move__lamarckian__s26,A_f0.9_move__lamarckian,A_f0.9_move,A,lamarckian,26,0.5,0.9,6.0,0,adaptive_move,3.0,0.2839330245814036,59,0.5440316901408451,0.08553238880061588,0.15252873894437055,1800,0,49,389,369,340,369,0
A_f0.9_move__lamarckian__s27,A_f0.9_move__lamarckian,A_f0.9_move,A,lamarckian,27,0.5,0.9,6.0,0,adaptive_move,3.0,0.3195530726256983,59,0.5383978873239437,0.0786224043700653,0.14346098246600342,1800,0,45,462,442,417,442,0
A_f0.9_move__lamarckian__s28,A_f0.9_move__lamarckian,A_f0.9_move,A,lamarckian,28,0.5,0.9,6.0,0,adaptive_move,3.0,0.3097094259390503,59,0.5508274647887323,0.0827240666975441,0.14694607628090608,1800,0,43,467,447,424,447,0
A_f0.9_move__lamarckian__s29,A_f0.9_move__lamarckian,A_f0.9_move,A,lamarckian,29,0.5,0.9,6.0,0,adaptive_move,3.0,0.30589123867069484,59,0.5397887323943661,0.07402154802114265,0.13371684137917572,1800,0,43,453,433,410,433,0
A_f0.9_move__lamarckian__s30,A_f0.9_move__lamarckian,A_f0.9_move,A,lamarckian,30,0.5,0.9,6.0,0,adaptive_move,3.0,0.34432515337423314,59,0.5458098591549295,0.08389436736396876,0.14960355350479118,1800,0,41,422,402,381,402,0
