cell_id,condition,family,inheritance_mode,fidelity,penalty,monitor_policy,n_runs,n_extinct,expected_penalty_per_defection,rate_mean,rate_lo,rate_hi,rate_cue0_mean,rate_cue0_lo,rate_cue0_hi,rate_cue1_mean,rate_cue1_lo,rate_cue1_hi,delta_cue_mean,delta_cue_lo,delta_cue_hi,delta_true_mean,delta_true_lo,delta_true_hi,realised_enforcement_mean,realised_enforcement_lo,realised_enforcement_hi,population_late_mean,population_late_lo,population_late_hi,mean_generation_end_mean,mean_generation_end_lo,mean_generation_end_hi,eval_heldout_delta_cue_mean,eval_heldout_delta_cue_lo,eval_heldout_delta_cue_hi,eval_train_delta_cue_mean,eval_train_delta_cue_lo,eval_train_delta_cue_hi,mean_mask_overlap_mean,mean_mask_overlap_lo,mean_mask_overlap_hi,mean_weight_kl_mean,mean_weight_kl_lo,mean_weight_kl_hi,mean_weight_gini_mean,mean_weight_gini_lo,mean_weight_gini_hi
A_f0.7_blind__baldwinian,A_f0.7_blind,A,baldwinian,0.7,6.0,adaptive_blind,30,0,3.0,0.09317773487549327,0.09060587310689655,0.09577752658736778,0.12407389513861761,0.12032572776659145,0.1277685377985479,0.07100329364270408,0.06874474695887789,0.07326432655930151,0.05307060149591352,0.050071768500118734,0.05618447812287478,0.04589448366204556,0.042793843367920865,0.048924642881582936,0.5014042267616733,0.4928519729786053,0.5092672673568076,48.98666666666667,48.364444444444445,49.48233333333334,4.476184318464806,4.251388888888889,4.715004409287336,0.027674013927996195,0.009822256814691342,0.04562274191928833,0.023658153516056154,0.018713357239011966,0.02898825629855006,0.582800469483568,0.5815233714788732,0.5841088468309859,0.7210601632357171,0.716018178288822,0.7261060586938336,0.4834445113432326,0.48107240921192396,0.4858786240024826
A_f0.7_blind__lamarckian,A_f0.7_blind,A,lamarckian,0.7,6.0,adaptive_blind,30,0,3.0,0.08531859683496618,0.08121341742126009,0.09000169104197411,0.1434691316726631,0.13606558741973995,0.15166140668055353,0.045043371925819725,0.043296047518778594,0.04688647093456432,0.09842575974684338,0.09165910300100559,0.10574874086432146,0.06249670191024915,0.05735440293801052,0.06789202592364278,0.46370389344587454,0.4518173012251279,0.47604438775218016,48.56444444444445,47.942166666666665,49.11561111111111,4.220711999763865,4.033630557148779,4.434980933667459,0.16593031982150544,0.13007440712221682,0.20444552033106256,0.06714259668516621,0.058192109188075374,0.07782680737639848,0.5879841549295775,0.5866675176056336,0.5892910798122065,0.7127601138336451,0.7046135252433661,0.7203416146391283,0.48499890184550837,0.481743324645498,0.4882497252136745
A_f0.7_cells__baldwinian,A_f0.7_cells,A,baldwinian,0.7,6.0,adaptive_cells,30,0,3.0,0.09772654603217794,0.09532992616684391,0.09993540483089443,0.12047413992090153,0.11700123320040534,0.1238199748281075,0.07691338476671608,0.07485099632013902,0.07885406431938032,0.043560755154185456,0.04023414808064661,0.04681140829290648,0.030109936942804248,0.027118430711596645,0.03306959335657458,0.4548477096356183,0.4475923348146258,0.4625277570449478,49.24444444444445,48.70877777777778,49.69555555555556,4.412209303923589,4.187480639730639,4.652432886690029,0.03184364647221395,0.009612258323203369,0.05774121412368894,0.026045059509403126,0.02017609400360378,0.03195238266790267,0.5115340375586854,0.5103097711267605,0.5128158303990611,0.023578814894271594,0.02304432945084254,0.02414432112226301,0.043794681137082916,0.0429794626446406,0.04461327426647169
A_f0.7_cells__lamarckian,A_f0.7_cells,A,lamarckian,0.7,6.0,adaptive_cells,30,0,3.0,0.1046735790070922,0.10086676219024379,0.1087910889496942,0.16585778413808236,0.15849943802847566,0.1739120825786917,0.05066563166694295,0.04911964531040323,0.05217173849623131,0.11519215247113945,0.10788620553696418,0.12324863987627532,0.06505347306329566,0.05993437043126419,0.07143993416058096,0.39173017301663227,0.3823797494872785,0.39942695187478633,45.75333333333334,44.82883333333333,46.74911111111111,4.8045631584187305,4.5144961245055075,5.107217998815536,0.2326461753805296,0.19201454081894417,0.2789837094167886,0.08407248840014993,0.07085146027887852,0.098448812455334,0.509880868544601,0.5087916226525823,0.5110293720657276,0.02147891653504352,0.02107962503522436,0.021908662259612566,0.04211929300031585,0.0414524161458321,0.04282132655942334
A_f0.7_move__baldwinian,A_f0.7_move,A,baldwinian,0.7,6.0,adaptive_move,30,0,3.0,0.09916991287300377,0.09665979009752534,0.1016353049591347,0.12391348185351485,0.12038952711897571,0.12747904427983367,0.07671364790432832,0.07476483126911834,0.07869981650269128,0.047199833949186525,0.04441109175538724,0.049877448770743564,0.0314226191548213,0.029274995812638205,0.03372737169186951,0.45680645880102383,0.45019901843934845,0.4635163927475104,48.78,47.96222222222223,49.47338888888889,4.784540411656445,4.496712406765994,5.107683461583269,0.04459015816103248,0.025086165209585842,0.07023636194174208,0.02691965129301365,0.019787606018545307,0.03451464848348597,0.5379507042253521,0.5370819982394367,0.5389209213615024,0.07179211403472649,0.0707565150278071,0.07289848199248135,0.13132908115286465,0.13004453269689292,0.1327664382556824
A_f0.7_move__lamarckian,A_f0.7_move,A,lamarckian,0.7,6.0,adaptive_move,30,0,3.0,0.10745144242685743,0.1040719861082409,0.11103815137722471,0.17282325374709553,0.16663432964393163,0.17938195123485978,0.050281418051431596,0.048949515942328874,0.05166482393394102,0.12254183569566397,0.11654998276650462,0.12875343787444116,0.06944513272237367,0.06486981189961775,0.07408593974934385,0.38869508720002083,0.38147469615750357,0.3958264598571593,45.29555555555555,44.242111111111114,46.23127777777777,4.744980805748098,4.52086811392966,4.9754070772979215,0.24713480825747214,0.19716948607963208,0.29759409730819536,0.09275699466883952,0.07816409260689748,0.10821940592031092,0.5445093896713615,0.5430761296948357,0.546028213028169,0.08498063649251236,0.08343105908380885,0.0864987751778156,0.1498270206828436,0.14785291058277666,0.15176644722153732
A_f0.9_blind__baldwinian,A_f0.9_blind,A,baldwinian,0.9,6.0,adaptive_blind,30,0,3.0,0.09482929310895788,0.09181274982003626,0.0980444148539483,0.1397032918801097,0.13552505372672785,0.14383934032318463,0.0667686224293564,0.06428656359634158,0.06952093757592136,0.07293466945075332,0.06956538797551744,0.0764877555143568,0.06473350089418352,0.06128807523473068,0.06853419240694618,0.46926168014639885,0.4580120101400907,0.4802544047478048,49.242222222222225,48.53555555555556,49.80222222222222,4.351914074447839,4.104448481344434,4.644325530591141,0.05542716744442095,0.03175012602574214,0.08552773290755877,0.03439172506931535,0.02866543752500747,0.04011771414988331,0.5828532863849766,0.5814605046948358,0.5843369278169015,0.7258474511933747,0.7192061431369704,0.7318648734096367,0.4842740459517729,0.4814280943968628,0.48692044211911795
A_f0.9_blind__lamarckian,A_f0.9_blind,A,lamarckian,0.9,6.0,adaptive_blind,30,0,3.0,0.11243510529090832,0.10819295254673575,0.11683178090893263,0.23966651940659459,0.22913690296515574,0.25095142757421335,0.041204135782773384,0.04016260355021038,0.04229105191052673,0.1984623836238212,0.18801432551010935,0.2096824142852118,0.16594347788132952,0.15705638297964575,0.17522712713636618,0.3258917565023184,0.31634040352129517,0.3354039615772426,45.866666666666674,44.79083333333334,46.85999999999999,4.570406092101406,4.346310692893084,4.828248208956354,0.33220131897823774,0.2932602902760305,0.373168430089542,0.19473232541357327,0.17358731791647444,0.2177938674240043,0.5850451877934273,0.5832317928403756,0.5868187353286385,0.6943567987337131,0.6866201362266103,0.7018850795898608,0.4727193789538806,0.46898520677383965,0.47625558371651283
A_f0.9_cells__baldwinian,A_f0.9_cells,A,baldwinian,0.9,6.0,adaptive_cells,30,0,3.0,0.10206035748966526,0.09878231253380768,0.10514146194072603,0.13864191050449237,0.13378401733844467,0.14347165935459905,0.07072632538655826,0.068092777388087,0.07347109742245006,0.06791558511793411,0.06357088094797018,0.07253551252389394,0.05709119648828252,0.052890843364755594,0.061376823513037373,0.4031281870992574,0.39624197388097393,0.4102889915446479,48.89777777777778,48.313277777777785,49.40455555555556,4.602393178893179,4.319353603603604,4.8826047940797945,0.07136409090646752,0.04294213268764938,0.1085828579793915,0.037650089166655375,0.029554423092445378,0.046389218486584796,0.5089019953051643,0.5077521566901408,0.5099319542253521,0.021091965348247445,0.020605948555590156,0.021605915488489842,0.0400103002148237,0.039240679415911,0.04079392024136338
A_f0.9_cells__lamarckian,A_f0.9_cells,A,lamarckian,0.9,6.0,adaptive_cells,30,0,3.0,0.14337256219614886,0.1379173813656875,0.14903594634040007,0.27353756592576584,0.2612710593198608,0.2860192360707928,0.04482617487525124,0.043354346245598585,0.046351636339664964,0.2287113910505146,0.21651492941104158,0.24109411248683107,0.18955668476916376,0.17869449660387077,0.20070306325803186,0.2558163470897283,0.24880667653936184,0.26283230001671487,42.03333333333333,40.906277777777774,43.15344444444444,5.046409496314443,4.810516099746147,5.292661695886946,0.3867200506350589,0.3480198800707923,0.43037259871951467,0.24280829859459058,0.22572337063802322,0.25984520871100936,0.5073738262910799,0.5060918720657277,0.5085995598591547,0.01597154013141615,0.015557874318705278,0.01640443983874175,0.03240459798157577,0.03168242302003762,0.033163740020917876
A_f0.9_move__baldwinian,A_f0.9_move,A,baldwinian,0.9,6.0,adaptive_move,30,0,3.0,0.1013447814358707,0.09832588025102564,0.1042716583298785,0.13524675048798582,0.13110720197497108,0.1391484339231831,0.07240226287541676,0.0698657476240182,0.07499789959020975,0.06284448761256906,0.05977591423651726,0.06595795554863768,0.05303990062444302,0.05000882630198207,0.05608878255691745,0.4135878822498454,0.40630255210616134,0.4209713600578231,49.086666666666666,48.47772222222222,49.61127777777778,4.732136054421769,4.462752721088436,5.025102040816327,0.055958110414142205,0.03369079703195632,0.08059249081289879,0.03719125752675692,0.02927778404713357,0.04563539645487142,0.5378309859154929,0.5365808245305165,0.5390518926056338,0.07018586475996727,0.06912956205920891,0.07128630887316992,0.1295299627326824,0.1280075501113733,0.13101861366318587
A_f0.9_move__lamarckian,A_f0.9_move,A,lamarckian,0.9,6.0,adaptive_move,30,0,3.0,0.1385509058126279,0.13339966237727388,0.1439869680593255,0.26523732649861953,0.2530062178027554,0.27775138798644683,0.04581221912569966,0.044421353732664724,0.04722148905351098,0.21942510737291998,0.20753891439682176,0.23176530520445232,0.17866898432195988,0.16781406969978552,0.18969290151595067,0.27368957073266215,0.2672386461425428,0.280003332526481,42.673333333333325,41.531111111111116,43.76005555555555,5.020184138077075,4.760327056852768,5.328153090446915,0.3512420294393029,0.3013766874826207,0.40266673710557904,0.20525111851934735,0.18500695606195824,0.22441448620163537,0.5439771126760563,0.542584433685446,0.5454186326291078,0.08345401891937623,0.0817354802118255,0.08548551846913062,0.14786359873993898,0.14572333602439821,0.150340569860168
A_f1_blind__baldwinian,A_f1_blind,A,baldwinian,1.0,6.0,adaptive_blind,30,0,3.0,0.09421006557227113,0.09165268604951922,0.09663797282761848,0.1489025567713319,0.14363600244325622,0.15408421748744358,0.06331720652621835,0.06200734790798859,0.06470239153151584,0.08558535024511357,0.08059970872481893,0.09067882801265471,0.08558535024511357,0.08059970872481893,0.09067882801265471,0.4303657405108178,0.4204173997431651,0.4411481383429774,49.82888888888888,49.52661111111111,49.99777777777778,4.165166666666667,4.020666666666666,4.321833333333332,0.0665741391344172,0.035835632018065604,0.10377948021515611,0.044653162680468705,0.03640604491869914,0.05364147819959263,0.5790551643192487,0.5779923415492958,0.5800951144366198,0.7327438361564489,0.7267084129927528,0.7386942653495338,0.4839190683189798,0.4812622097451112,0.4868010192389233
A_f1_blind__lamarckian,A_f1_blind,A,lamarckian,1.0,6.0,adaptive_blind,30,0,3.0,0.14937809824914808,0.14277694388749534,0.15542230182231193,0.3751981810973385,0.3557554972917522,0.3949114423359979,0.04033565983331903,0.03916774933026002,0.04147082348690884,0.33486252126401944,0.3157538145859597,0.35414874712655825,0.33486252126401944,0.3157538145859597,0.35414874712655825,0.18377118074446533,0.17579869827433028,0.19206885815955013,45.00222222222223,43.8108888888889,46.10233333333334,4.483248339357126,4.325841091698231,4.658793280786397,0.40687978476486336,0.3614630755201728,0.45109021981489844,0.31380900472061996,0.2888698221501382,0.34216339281839975,0.5793973004694837,0.5778977406103286,0.5807711414319248,0.6691181519782098,0.660777481204101,0.6775623566891942,0.4553101347972949,0.45152878738758867,0.4590788540099674
A_f1_cells__baldwinian,A_f1_cells,A,baldwinian,1.0,6.0,adaptive_cells,30,0,3.0,0.10753618700024442,0.10454092177450769,0.11041412606953674,0.15284947289390988,0.14755471183027488,0.15781300817964966,0.07084435748737176,0.06879726946768817,0.0730535936893693,0.08200511540653811,0.07702352564271035,0.08669100050552417,0.08200511540653811,0.07702352564271035,0.08669100050552417,0.36374437620766165,0.35589423521207125,0.3720953711177003,49.117777777777775,48.48655555555555,49.62222222222222,4.248933792988504,4.0618394928442045,4.462219417799357,0.05068772629853146,0.01949602374041574,0.08382363589255126,0.04708710250640322,0.03832556054403493,0.05651990563676685,0.509950117370892,0.5086564553990611,0.5112348591549295,0.019076226670811665,0.01862197065424567,0.019546056238023933,0.03639068161865323,0.035721095258048396,0.037099949966359125
A_f1_cells__lamarckian,A_f1_cells,A,lamarckian,1.0,6.0,adaptive_cells,30,0,3.0,0.17954170852647147,0.17408008723786883,0.18572077443884816,0.39434524102509644,0.3827965511758027,0.4064306732677151,0.04152685947313253,0.04032558766863704,0.04277234822074336,0.3528183815519641,0.34106326983477075,0.36471476638018663,0.3528183815519641,0.34106326983477075,0.36471476638018663,0.14196279046823923,0.1355847247351855,0.14812736795588796,42.63777777777777,41.78883333333334,43.54238888888889,4.839736740171099,4.6370543343474715,5.048074117827814,0.474601387713831,0.43540978791703555,0.5113569452250715,0.35550962895217997,0.3326199467040015,0.37844384636890627,0.5046696009389672,0.50379033157277,0.5056356660798123,0.010680218404290233,0.01031741364586779,0.011046704471399887,0.022353419594587986,0.02167260538828565,0.02302114638412706
A_f1_move__baldwinian,A_f1_move,A,baldwinian,1.0,6.0,adaptive_move,30,0,3.0,0.10486248788739944,0.10236625960020256,0.10741001380162293,0.14905792209018157,0.1446888393855595,0.15318041960407805,0.06923358603102268,0.06699174882832984,0.07178880346397438,0.07982433605915891,0.07540699219971021,0.08390737149946828,0.07982433605915891,0.07540699219971021,0.08390737149946828,0.36515085049499574,0.3567135469658956,0.37489725353533243,48.96888888888889,48.219944444444444,49.57116666666667,4.666813725490196,4.342641176470589,5.037174999999999,0.06121906678562918,0.0341552287571592,0.0902356340227494,0.04660752857456258,0.040625045459503906,0.05311909728577419,0.5384372065727699,0.5373748973004695,0.5394999559859155,0.0695063696943389,0.06816951886371876,0.07080196441667656,0.1283482584457197,0.12653294666375467,0.1301738797047746
A_f1_move__lamarckian,A_f1_move,A,lamarckian,1.0,6.0,adaptive_move,30,0,3.0,0.1813228369516782,0.17651818164464686,0.18623027533578065,0.40740026779989147,0.39233955302673057,0.42356866327564663,0.04255906405902342,0.04104351244724285,0.044071500582913654,0.364841203740868,0.3496856875552384,0.3812416574110544,0.364841203740868,0.3496856875552384,0.3812416574110544,0.14501220164599238,0.1405984666303075,0.14937287588331805,41.62888888888889,40.711055555555554,42.600055555555564,4.877704920152132,4.698391117843779,5.065812286303681,0.45309800896234637,0.4186208578812041,0.491957864969283,0.3531758540469277,0.3276203042287801,0.37928080901257155,0.5435076291079813,0.5418855193661973,0.545036649061033,0.08389658812467214,0.08197284469566163,0.08580769359071326,0.14842649218823495,0.14592584758536933,0.15097837412723067
C1__baldwinian,C1,C1,baldwinian,0.0,6.0,static,30,0,3.0,0.09827807357287048,0.09564168189415058,0.10114119482136004,0.10008998420471517,0.09730910855380799,0.10296122038565002,0.0964682146161448,0.09359432908540478,0.09944764434499791,0.003621769588570371,0.0017004292911080477,0.005605733280420609,0.011243754832189645,0.009043195445252688,0.013353895703660678,0.46973895405334726,0.46383612399939034,0.4754777602730138,48.84666666666667,48.16444444444445,49.44444444444444,4.683504799039754,4.440919923653966,4.938638648863801,0.005034596760522022,-0.01362664593574269,0.031197681843083823,0.0026884281583176516,-0.0019079560677837813,0.007709393045765401,0.4997717136150236,0.4985192928403755,0.5010020099765259,0.0,0.0,0.0,0.0,0.0,0.0
C1__lamarckian,C1,C1,lamarckian,0.0,6.0,static,30,0,3.0,0.07645265394879379,0.07397541326955208,0.07886044735040391,0.07600928435842365,0.0730781514474176,0.07880013412021666,0.07688295198602894,0.07436947160311867,0.07968174060006958,-0.0008736676276052814,-0.003477786993339675,0.001682954441460357,0.004586429384777207,0.0025178973756755244,0.0065767543152194415,0.4794076383563572,0.47340330691200966,0.48540294518508637,49.46222222222222,49.093333333333334,49.784444444444446,4.046792390447802,3.8839647000376876,4.223238079881454,0.0028130928627823847,-0.016693915149492002,0.022211815154278936,0.003024267704329271,-0.0004215915190945099,0.006521477414028449,0.4997717136150236,0.4985192928403755,0.5010020099765259,0.0,0.0,0.0,0.0,0.0,0.0
C2__baldwinian,C2,C2,baldwinian,1.0,6.0,static,30,0,3.0,0.10716878414779368,0.10446713786860386,0.11002980055188123,0.14927377007179563,0.14458470417967909,0.15394850886824746,0.0706794386974951,0.06863865193214036,0.07308934050366525,0.07859433137430052,0.0740809920502826,0.08316125438269789,0.07859433137430052,0.0740809920502826,0.08316125438269789,0.3517356702726221,0.34629735748434626,0.35740901566921424,48.99333333333333,48.11094444444444,49.70666666666667,4.398298931058809,4.1821115693829976,4.6422985466914035,0.05195391502290518,0.02558094624778498,0.08143586657939747,0.05720189009034012,0.05039153745068221,0.06463536358341804,0.4997717136150236,0.4985192928403755,0.5010020099765259,0.0,0.0,0.0,0.0,0.0,0.0
C2__lamarckian,C2,C2,lamarckian,1.0,6.0,static,30,0,3.0,0.18275363390423893,0.17697855016595734,0.18852389352142948,0.40092580968768793,0.38547770680550797,0.41647551199953475,0.042183991384125694,0.04067246473844741,0.04363200995581157,0.3587418183035623,0.3430601273316598,0.3749230576863179,0.3587418183035623,0.3430601273316598,0.3749230576863179,0.14088199802888204,0.13475542513255798,0.14694412989641842,41.55777777777778,40.655333333333324,42.4911111111111,4.776061111470202,4.651046528928197,4.89997721740786,0.49379357908047605,0.45123229066369497,0.5367204384900527,0.3591127656787872,0.3343021927454574,0.384347584199336,0.4997717136150236,0.4985192928403755,0.5010020099765259,0.0,0.0,0.0,0.0,0.0,0.0
C3_f0.7__baldwinian,C3_f0.7,C3,baldwinian,0.7,6.0,static,30,0,3.0,0.10063901109018218,0.0980631222718282,0.10325409252666753,0.12404071064984921,0.12043300835302305,0.12763556554676667,0.0779564487172571,0.0755931235435936,0.08035914537598964,0.046084261932592095,0.04270051662248617,0.04947118671066496,0.03100860366992061,0.02773028816795601,0.03422721393246476,0.4346246108068707,0.42774450675033937,0.442160712819614,48.99777777777778,48.311055555555555,49.608944444444454,4.624297093769591,4.363525954749679,4.91161328974734,0.04415153005746184,0.026489482504631606,0.06433203501243763,0.028021523881459794,0.02224625725551915,0.03427438082211002,0.4997717136150236,0.4985192928403755,0.5010020099765259,0.0,0.0,0.0,0.0,0.0,0.0
C3_f0.7__lamarckian,C3_f0.7,C3,lamarckian,0.7,6.0,static,30,0,3.0,0.11167426002830229,0.10719314309072525,0.11640647671564479,0.17546213024734414,0.1665854423102542,0.18452117412706914,0.05257491677751839,0.05117473260533933,0.05398515270257869,0.12288721346982576,0.11454426876669821,0.13150331756881173,0.07076226079258666,0.06495386195204912,0.07681532631198766,0.37048169287110955,0.36467471625960035,0.37629761647925597,44.62,43.613333333333344,45.58244444444444,4.861539814295161,4.640459542381101,5.101041730048338,0.21435885647111638,0.1618863738267144,0.266909468188101,0.08434602997491134,0.07339081335021674,0.095370698171391,0.4997717136150236,0.4985192928403755,0.5010020099765259,0.0,0.0,0.0,0.0,0.0,0.0
C3_f0.9__baldwinian,C3_f0.9,C3,baldwinian,0.9,6.0,static,30,0,3.0,0.10259102745472438,0.0989116431755183,0.10629648952054076,0.13568117293846196,0.1306406621797699,0.14085724046574755,0.0721732312317745,0.06919307706663357,0.07506988037544918,0.06350794170668744,0.05957819900633677,0.0675553122651588,0.052795749214792895,0.04915535400203123,0.05655261346235168,0.3952054772264609,0.3862905333486679,0.40404560616210283,49.00888888888889,48.15077777777778,49.70222222222222,4.369082780891292,4.159756279103088,4.609496795285093,0.03666104815065716,0.01338522163008852,0.06409271874630053,0.030670695926216993,0.024692763641251662,0.03671626661696526,0.4997717136150236,0.4985192928403755,0.5010020099765259,0.0,0.0,0.0,0.0,0.0,0.0
C3_f0.9__lamarckian,C3_f0.9,C3,lamarckian,0.9,6.0,static,30,0,3.0,0.1497504272878164,0.14332565267181352,0.15575147831958802,0.27741570200224813,0.2633284945714097,0.2904167799537045,0.046624483120804625,0.04478437710515016,0.04836862899247555,0.23079121888144355,0.21749912241732405,0.24341235760673938,0.19047050270215585,0.17832581707469025,0.20203678084678223,0.24719825733914907,0.24035815845036795,0.25360606447053424,41.33333333333334,40.27744444444445,42.48455555555555,5.0956428233676085,4.842021359510542,5.370231026549856,0.350766319708469,0.3158790566683707,0.3852315244499711,0.20924290527011305,0.19013344046366004,0.2283968266372147,0.4997717136150236,0.4985192928403755,0.5010020099765259,0.0,0.0,0.0,0.0,0.0,0.0
C4__baldwinian,C4,C4,baldwinian,1.0,6.0,static,30,0,3.0,0.0901166487094629,0.08728018977320398,0.09277623050948688,0.09338131597060288,0.09030488575620722,0.09671298966217949,0.08708317950013762,0.0840053330772744,0.08986394659132053,0.006298136470465257,0.003856012235448578,0.00878610817266861,0.009367838783047174,0.006874865943125957,0.011985598819623225,0.47170423612362616,0.4647021034526273,0.4787872817473359,49.875555555555565,49.711111111111116,49.99777777777778,4.317333333333334,4.108583333333334,4.536,0.00987997494246858,-0.004851587456443529,0.023692886867187374,-0.0009816502176791435,-0.004581207801045498,0.0026147025456190335,0.4997717136150236,0.4985192928403755,0.5010020099765259,0.0,0.0,0.0,0.0,0.0,0.0
C4__lamarckian,C4,C4,lamarckian,1.0,6.0,static,30,0,3.0,0.0756624316368331,0.07234072087933209,0.07881914551586794,0.07916992644179453,0.07490941119005219,0.08336625749387817,0.07229612682243662,0.06881664941384177,0.07566282258239368,0.006873799619357922,0.0029193630202171117,0.010822957143926752,0.006608981959871942,0.005079552860354417,0.008074560756592027,0.4723987220701697,0.4675560280696566,0.4775323390886835,49.75555555555555,49.47111111111111,49.944500000000005,3.898905261299338,3.7352451288679753,4.069597703978357,0.04906128732075433,0.02521532568493163,0.07297612824842316,0.0053053335000732785,-4.1677851078467115e-05,0.011026848227604422,0.4997717136150236,0.4985192928403755,0.5010020099765259,0.0,0.0,0.0,0.0,0.0,0.0
