run_id,cell_id,condition,family,inheritance_mode,seed,band_upper,conditional_onset_tick,conditional_onset_generation,cooperative_onset_tick,cooperative_onset_generation
A_f0.7_blind__baldwinian__s1,A_f0.7_blind__baldwinian,A_f0.7_blind,A,baldwinian,1,0.06759172986669647,600.0,2.2127659574468086,,
A_f0.7_blind__baldwinian__s2,A_f0.7_blind__baldwinian,A_f0.7_blind,A,baldwinian,2,0.06759172986669647,500.0,1.5555555555555556,,
A_f0.7_blind__baldwinian__s3,A_f0.7_blind__baldwinian,A_f0.7_blind,A,baldwinian,3,0.06759172986669647,1200.0,4.52,,
A_f0.7_blind__baldwinian__s4,A_f0.7_blind__baldwinian,A_f0.7_blind,A,baldwinian,4,0.06759172986669647,1100.0,2.88,,
A_f0.7_blind__baldwinian__s5,A_f0.7_blind__baldwinian,A_f0.7_blind,A,baldwinian,5,0.06759172986669647,,,,
A_f0.7_blind__baldwinian__s6,A_f0.7_blind__baldwinian,A_f0.7_blind,A,baldwinian,6,0.06759172986669647,550.0,2.4,,
A_f0.7_blind__baldwinian__s7,A_f0.7_blind__baldwinian,A_f0.7_blind,A,baldwinian,7,0.06759172986669647,50.0,0.82,,
A_f0.7_blind__baldwinian__s8,A_f0.7_blind__baldwinian,A_f0.7_blind,A,baldwinian,8,0.06759172986669647,,,,
A_f0.7_blind__baldwinian__s9,A_f0.7_blind__baldwinian,A_f0.7_blind,A,baldwinian,9,0.06759172986669647,1000.0,3.36,,
A_f0.7_blind__baldwinian__s10,A_f0.7_blind__baldwinian,A_f0.7_blind,A,baldwinian,10,0.06759172986669647,600.0,1.9,,
A_f0.7_blind__baldwinian__s11,A_f0.7_blind__baldwinian,A_f0.7_blind,A,baldwinian,11,0.06759172986669647,350.0,1.1,,
A_f0.7_blind__baldwinian__s12,A_f0.7_blind__baldwinian,A_f0.7_blind,A,baldwinian,12,0.06759172986669647,800.0,1.94,,
A_f0.7_blind__baldwinian__s13,A_f0.7_blind__baldwinian,A_f0.7_blind,A,baldwinian,13,0.06759172986669647,650.0,2.4285714285714284,,
A_f0.7_blind__baldwinian__s14,A_f0.7_blind__baldwinian,A_f0.7_blind,A,baldwinian,14,0.06759172986669647,850.0,2.82,,
A_f0.7_blind__baldwinian__s15,A_f0.7_blind__baldwinian,A_f0.7_blind,A,baldwinian,15,0.06759172986669647,150.0,1.0638297872340423,,
A_f0.7_blind__baldwinian__s16,A_f0.7_blind__baldwinian,A_f0.7_blind,A,baldwinian,16,0.06759172986669647,450.0,2.217391304347826,,
A_f0.7_blind__baldwinian__s17,A_f0.7_blind__baldwinian,A_f0.7_blind,A,baldwinian,17,0.06759172986669647,200.0,0.96,,
A_f0.7_blind__baldwinian__s18,A_f0.7_blind__baldwinian,A_f0.7_blind,A,baldwinian,18,0.06759172986669647,250.0,1.18,,
A_f0.7_blind__baldwinian__s19,A_f0.7_blind__baldwinian,A_f0.7_blind,A,baldwinian,19,0.06759172986669647,600.0,1.76,,
A_f0.7_blind__baldwinian__s20,A_f0.7_blind__baldwinian,A_f0.7_blind,A,baldwinian,20,0.06759172986669647,,,,
A_f0.7_blind__baldwinian__s21,A_f0.7_blind__baldwinian,A_f0.7_blind,A,baldwinian,21,0.06759172986669647,300.0,1.16,,
A_f0.7_blind__baldwinian__s22,A_f0.7_blind__baldwinian,A_f0.7_blind,A,baldwinian,22,0.06759172986669647,250.0,0.78,,
A_f0.7_blind__baldwinian__s23,A_f0.7_blind__baldwinian,A_f0.7_blind,A,baldwinian,23,0.06759172986669647,300.0,1.72,,
A_f0.7_blind__baldwinian__s24,A_f0.7_blind__baldwinian,A_f0.7_blind,A,baldwinian,24,0.06759172986669647,850.0,2.16,,
A_f0.7_blind__baldwinian__s25,A_f0.7_blind__baldwinian,A_f0.7_blind,A,baldwinian,25,0.06759172986669647,200.0,1.04,,
A_f0.7_blind__baldwinian__s26,A_f0.7_blind__baldwinian,A_f0.7_blind,A,baldwinian,26,0.06759172986669647,,,,
A_f0.7_blind__baldwinian__s27,A_f0.7_blind__baldwinian,A_f0.7_blind,A,baldwinian,27,0.06759172986669647,100.0,0.7959183673469388,,
A_f0.7_blind__baldwinian__s28,A_f0.7_blind__baldwinian,A_f0.7_blind,A,baldwinian,28,0.06759172986669647,850.0,2.24,,
A_f0.7_blind__baldwinian__s29,A_f0.7_blind__baldwinian,A_f0.7_blind,A,baldwinian,29,0.06759172986669647,1150.0,4.54,,
A_f0.7_blind__baldwinian__s30,A_f0.7_blind__baldwinian,A_f0.7_blind,A,baldwinian,30,0.06759172986669647,850.0,2.26,,
A_f0.7_blind__lamarckian__s1,A_f0.7_blind__lamarckian,A_f0.7_blind,A,lamarckian,1,0.05993114113623804,200.0,1.18,,
A_f0.7_blind__lamarckian__s2,A_f0.7_blind__lamarckian,A_f0.7_blind,A,lamarckian,2,0.05993114113623804,700.0,1.8,,
A_f0.7_blind__lamarckian__s3,A_f0.7_blind__lamarckian,A_f0.7_blind,A,lamarckian,3,0.05993114113623804,150.0,0.9791666666666666,,
A_f0.7_blind__lamarckian__s4,A_f0.7_blind__lamarckian,A_f0.7_blind,A,lamarckian,4,0.05993114113623804,150.0,1.125,,
A_f0.7_blind__lamarckian__s5,A_f0.7_blind__lamarckian,A_f0.7_blind,A,lamarckian,5,0.05993114113623804,300.0,1.0,,
A_f0.7_blind__lamarckian__s6,A_f0.7_blind__lamarckian,A_f0.7_blind,A,lamarckian,6,0.05993114113623804,400.0,1.22,,
A_f0.7_blind__lamarckian__s7,A_f0.7_blind__lamarckian,A_f0.7_blind,A,lamarckian,7,0.05993114113623804,300.0,1.1304347826086956,,
A_f0.7_blind__lamarckian__s8,A_f0.7_blind__lamarckian,A_f0.7_blind,A,lamarckian,8,0.05993114113623804,800.0,2.08,,
A_f0.7_blind__lamarckian__s9,A_f0.7_blind__lamarckian,A_f0.7_blind,A,lamarckian,9,0.05993114113623804,150.0,1.26,,
A_f0.7_blind__lamarckian__s10,A_f0.7_blind__lamarckian,A_f0.7_blind,A,lamarckian,10,0.05993114113623804,50.0,0.8,,
A_f0.7_blind__lamarckian__s11,A_f0.7_blind__lamarckian,A_f0.7_blind,A,lamarckian,11,0.05993114113623804,400.0,0.96,,
A_f0.7_blind__lamarckian__s12,A_f0.7_blind__lamarckian,A_f0.7_blind,A,lamarckian,12,0.05993114113623804,200.0,0.86,,
A_f0.7_blind__lamarckian__s13,A_f0.7_blind__lamarckian,A_f0.7_blind,A,lamarckian,13,0.05993114113623804,400.0,1.04,,
A_f0.7_blind__lamarckian__s14,A_f0.7_blind__lamarckian,A_f0.7_blind,A,lamarckian,14,0.05993114113623804,50.0,0.78,,
A_f0.7_blind__lamarckian__s15,A_f0.7_blind__lamarckian,A_f0.7_blind,A,lamarckian,15,0.05993114113623804,700.0,2.44,,
A_f0.7_blind__lamarckian__s16,A_f0.7_blind__lamarckian,A_f0.7_blind,A,lamarckian,16,0.05993114113623804,650.0,1.86,,
A_f0.7_blind__lamarckian__s17,A_f0.7_blind__lamarckian,A_f0.7_blind,A,lamarckian,17,0.05993114113623804,100.0,0.82,,
A_f0.7_blind__lamarckian__s18,A_f0.7_blind__lamarckian,A_f0.7_blind,A,lamarckian,18,0.05993114113623804,100.0,0.9,,
A_f0.7_blind__lamarckian__s19,A_f0.7_blind__lamarckian,A_f0.7_blind,A,lamarckian,19,0.05993114113623804,300.0,1.46,,
A_f0.7_blind__lamarckian__s20,A_f0.7_blind__lamarckian,A_f0.7_blind,A,lamarckian,20,0.05993114113623804,500.0,1.3,,
A_f0.7_blind__lamarckian__s21,A_f0.7_blind__lamarckian,A_f0.7_blind,A,lamarckian,21,0.05993114113623804,250.0,1.1,,
A_f0.7_blind__lamarckian__s22,A_f0.7_blind__lamarckian,A_f0.7_blind,A,lamarckian,22,0.05993114113623804,250.0,0.94,,
A_f0.7_blind__lamarckian__s23,A_f0.7_blind__lamarckian,A_f0.7_blind,A,lamarckian,23,0.05993114113623804,400.0,0.88,,
A_f0.7_blind__lamarckian__s24,A_f0.7_blind__lamarckian,A_f0.7_blind,A,lamarckian,24,0.05993114113623804,550.0,1.62,,
A_f0.7_blind__lamarckian__s25,A_f0.7_blind__lamarckian,A_f0.7_blind,A,lamarckian,25,0.05993114113623804,50.0,0.84,,
A_f0.7_blind__lamarckian__s26,A_f0.7_blind__lamarckian,A_f0.7_blind,A,lamarckian,26,0.05993114113623804,100.0,0.979591836734694,,
A_f0.7_blind__lamarckian__s27,A_f0.7_blind__lamarckian,A_f0.7_blind,A,lamarckian,27,0.05993114113623804,350.0,0.88,,
A_f0.7_blind__lamarckian__s28,A_f0.7_blind__lamarckian,A_f0.7_blind,A,lamarckian,28,0.05993114113623804,150.0,1.16,,
A_f0.7_blind__lamarckian__s29,A_f0.7_blind__lamarckian,A_f0.7_blind,A,lamarckian,29,0.05993114113623804,550.0,1.54,,
A_f0.7_blind__lamarckian__s30,A_f0.7_blind__lamarckian,A_f0.7_blind,A,lamarckian,30,0.05993114113623804,300.0,0.86,,
A_f0.7_cells__baldwinian__s1,A_f0.7_cells__baldwinian,A_f0.7_cells,A,baldwinian,1,0.06759172986669647,1350.0,3.32,,
A_f0.7_cells__baldwinian__s2,A_f0.7_cells__baldwinian,A_f0.7_cells,A,baldwinian,2,0.06759172986669647,350.0,1.42,,
A_f0.7_cells__baldwinian__s3,A_f0.7_cells__baldwinian,A_f0.7_cells,A,baldwinian,3,0.06759172986669647,1450.0,3.86,,
A_f0.7_cells__baldwinian__s4,A_f0.7_cells__baldwinian,A_f0.7_cells,A,baldwinian,4,0.06759172986669647,300.0,1.1875,,
A_f0.7_cells__baldwinian__s5,A_f0.7_cells__baldwinian,A_f0.7_cells,A,baldwinian,5,0.06759172986669647,900.0,2.2,,
A_f0.7_cells__baldwinian__s6,A_f0.7_cells__baldwinian,A_f0.7_cells,A,baldwinian,6,0.06759172986669647,,,,
A_f0.7_cells__baldwinian__s7,A_f0.7_cells__baldwinian,A_f0.7_cells,A,baldwinian,7,0.06759172986669647,150.0,0.9090909090909092,,
A_f0.7_cells__baldwinian__s8,A_f0.7_cells__baldwinian,A_f0.7_cells,A,baldwinian,8,0.06759172986669647,500.0,1.6511627906976745,,
A_f0.7_cells__baldwinian__s9,A_f0.7_cells__baldwinian,A_f0.7_cells,A,baldwinian,9,0.06759172986669647,50.0,0.75,,
A_f0.7_cells__baldwinian__s10,A_f0.7_cells__baldwinian,A_f0.7_cells,A,baldwinian,10,0.06759172986669647,,,,
A_f0.7_cells__baldwinian__s11,A_f0.7_cells__baldwinian,A_f0.7_cells,A,baldwinian,11,0.06759172986669647,,,,
A_f0.7_cells__baldwinian__s12,A_f0.7_cells__baldwinian,A_f0.7_cells,A,baldwinian,12,0.06759172986669647,400.0,0.84,,
A_f0.7_cells__baldwinian__s13,A_f0.7_cells__baldwinian,A_f0.7_cells,A,baldwinian,13,0.06759172986669647,,,,
A_f0.7_cells__baldwinian__s14,A_f0.7_cells__baldwinian,A_f0.7_cells,A,baldwinian,14,0.06759172986669647,500.0,1.346938775510204,,
A_f0.7_cells__baldwinian__s15,A_f0.7_cells__baldwinian,A_f0.7_cells,A,baldwinian,15,0.06759172986669647,1100.0,3.18,,
A_f0.7_cells__baldwinian__s16,A_f0.7_cells__baldwinian,A_f0.7_cells,A,baldwinian,16,0.06759172986669647,450.0,0.96,,
A_f0.7_cells__baldwinian__s17,A_f0.7_cells__baldwinian,A_f0.7_cells,A,baldwinian,17,0.06759172986669647,250.0,0.82,,
A_f0.7_cells__baldwinian__s18,A_f0.7_cells__baldwinian,A_f0.7_cells,A,baldwinian,18,0.06759172986669647,,,,
A_f0.7_cells__baldwinian__s19,A_f0.7_cells__baldwinian,A_f0.7_cells,A,baldwinian,19,0.06759172986669647,1150.0,3.28,,
A_f0.7_cells__baldwinian__s20,A_f0.7_cells__baldwinian,A_f0.7_cells,A,baldwinian,20,0.06759172986669647,,,,
A_f0.7_cells__baldwinian__s21,A_f0.7_cells__baldwinian,A_f0.7_cells,A,baldwinian,21,0.06759172986669647,,,,
A_f0.7_cells__baldwinian__s22,A_f0.7_cells__baldwinian,A_f0.7_cells,A,baldwinian,22,0.06759172986669647,1400.0,3.56,,
A_f0.7_cells__baldwinian__s23,A_f0.7_cells__baldwinian,A_f0.7_cells,A,baldwinian,23,0.06759172986669647,450.0,1.38,,
A_f0.7_cells__baldwinian__s24,A_f0.7_cells__baldwinian,A_f0.7_cells,A,baldwinian,24,0.06759172986669647,500.0,1.34,,
A_f0.7_cells__baldwinian__s25,A_f0.7_cells__baldwinian,A_f0.7_cells,A,baldwinian,25,0.06759172986669647,600.0,1.88,,
A_f0.7_cells__baldwinian__s26,A_f0.7_cells__baldwinian,A_f0.7_cells,A,baldwinian,26,0.06759172986669647,1100.0,2.98,,
A_f0.7_cells__baldwinian__s27,A_f0.7_cells__baldwinian,A_f0.7_cells,A,baldwinian,27,0.06759172986669647,400.0,1.1,,
A_f0.7_cells__baldwinian__s28,A_f0.7_cells__baldwinian,A_f0.7_cells,A,baldwinian,28,0.06759172986669647,400.0,0.98,,
A_f0.7_cells__baldwinian__s29,A_f0.7_cells__baldwinian,A_f0.7_cells,A,baldwinian,29,0.06759172986669647,150.0,0.8297872340425532,,
A_f0.7_cells__baldwinian__s30,A_f0.7_cells__baldwinian,A_f0.7_cells,A,baldwinian,30,0.06759172986669647,,,,
A_f0.7_cells__lamarckian__s1,A_f0.7_cells__lamarckian,A_f0.7_cells,A,lamarckian,1,0.05993114113623804,150.0,0.86,,
A_f0.7_cells__lamarckian__s2,A_f0.7_cells__lamarckian,A_f0.7_cells,A,lamarckian,2,0.05993114113623804,350.0,1.38,,
A_f0.7_cells__lamarckian__s3,A_f0.7_cells__lamarckian,A_f0.7_cells,A,lamarckian,3,0.05993114113623804,250.0,1.02,,
A_f0.7_cells__lamarckian__s4,A_f0.7_cells__lamarckian,A_f0.7_cells,A,lamarckian,4,0.05993114113623804,450.0,1.12,,
A_f0.7_cells__lamarckian__s5,A_f0.7_cells__lamarckian,A_f0.7_cells,A,lamarckian,5,0.05993114113623804,50.0,0.76,,
A_f0.7_cells__lamarckian__s6,A_f0.7_cells__lamarckian,A_f0.7_cells,A,lamarckian,6,0.05993114113623804,400.0,1.44,,
A_f0.7_cells__lamarckian__s7,A_f0.7_cells__lamarckian,A_f0.7_cells,A,lamarckian,7,0.05993114113623804,250.0,1.34,,
A_f0.7_cells__lamarckian__s8,A_f0.7_cells__lamarckian,A_f0.7_cells,A,lamarckian,8,0.05993114113623804,150.0,0.9,,
A_f0.7_cells__lamarckian__s9,A_f0.7_cells__lamarckian,A_f0.7_cells,A,lamarckian,9,0.05993114113623804,50.0,0.88,,
A_f0.7_cells__lamarckian__s10,A_f0.7_cells__lamarckian,A_f0.7_cells,A,lamarckian,10,0.05993114113623804,550.0,1.82,,
A_f0.7_cells__lamarckian__s11,A_f0.7_cells__lamarckian,A_f0.7_cells,A,lamarckian,11,0.05993114113623804,150.0,0.98,,
A_f0.7_cells__lamarckian__s12,A_f0.7_cells__lamarckian,A_f0.7_cells,A,lamarckian,12,0.05993114113623804,200.0,0.9787234042553192,,
A_f0.7_cells__lamarckian__s13,A_f0.7_cells__lamarckian,A_f0.7_cells,A,lamarckian,13,0.05993114113623804,400.0,1.08,,
A_f0.7_cells__lamarckian__s14,A_f0.7_cells__lamarckian,A_f0.7_cells,A,lamarckian,14,0.05993114113623804,550.0,1.72,,
A_f0.7_cells__lamarckian__s15,A_f0.7_cells__lamarckian,A_f0.7_cells,A,lamarckian,15,0.05993114113623804,250.0,1.04,,
A_f0.7_cells__lamarckian__s16,A_f0.7_cells__lamarckian,A_f0.7_cells,A,lamarckian,16,0.05993114113623804,200.0,1.06,,
A_f0.7_cells__lamarckian__s17,A_f0.7_cells__lamarckian,A_f0.7_cells,A,lamarckian,17,0.05993114113623804,200.0,1.0,,
A_f0.7_cells__lamarckian__s18,A_f0.7_cells__lamarckian,A_f0.7_cells,A,lamarckian,18,0.05993114113623804,200.0,0.88,,
A_f0.7_cells__lamarckian__s19,A_f0.7_cells__lamarckian,A_f0.7_cells,A,lamarckian,19,0.05993114113623804,100.0,0.84,,
A_f0.7_cells__lamarckian__s20,A_f0.7_cells__lamarckian,A_f0.7_cells,A,lamarckian,20,0.05993114113623804,200.0,1.04,,
A_f0.7_cells__lamarckian__s21,A_f0.7_cells__lamarckian,A_f0.7_cells,A,lamarckian,21,0.05993114113623804,350.0,0.92,,
A_f0.7_cells__lamarckian__s22,A_f0.7_cells__lamarckian,A_f0.7_cells,A,lamarckian,22,0.05993114113623804,200.0,1.06,,
A_f0.7_cells__lamarckian__s23,A_f0.7_cells__lamarckian,A_f0.7_cells,A,lamarckian,23,0.05993114113623804,650.0,2.02,,
A_f0.7_cells__lamarckian__s24,A_f0.7_cells__lamarckian,A_f0.7_cells,A,lamarckian,24,0.05993114113623804,200.0,0.74,,
A_f0.7_cells__lamarckian__s25,A_f0.7_cells__lamarckian,A_f0.7_cells,A,lamarckian,25,0.05993114113623804,250.0,1.04,,
A_f0.7_cells__lamarckian__s26,A_f0.7_cells__lamarckian,A_f0.7_cells,A,lamarckian,26,0.05993114113623804,200.0,1.16,,
A_f0.7_cells__lamarckian__s27,A_f0.7_cells__lamarckian,A_f0.7_cells,A,lamarckian,27,0.05993114113623804,450.0,0.84,,
A_f0.7_cells__lamarckian__s28,A_f0.7_cells__lamarckian,A_f0.7_cells,A,lamarckian,28,0.05993114113623804,500.0,1.52,,
A_f0.7_cells__lamarckian__s29,A_f0.7_cells__lamarckian,A_f0.7_cells,A,lamarckian,29,0.05993114113623804,400.0,0.78,,
A_f0.7_cells__lamarckian__s30,A_f0.7_cells__lamarckian,A_f0.7_cells,A,lamarckian,30,0.05993114113623804,650.0,1.96,,
A_f0.7_move__baldwinian__s1,A_f0.7_move__baldwinian,A_f0.7_move,A,baldwinian,1,0.06759172986669647,,,,
A_f0.7_move__baldwinian__s2,A_f0.7_move__baldwinian,A_f0.7_move,A,baldwinian,2,0.06759172986669647,,,,
A_f0.7_move__baldwinian__s3,A_f0.7_move__baldwinian,A_f0.7_move,A,baldwinian,3,0.06759172986669647,150.0,0.8780487804878049,,
A_f0.7_move__baldwinian__s4,A_f0.7_move__baldwinian,A_f0.7_move,A,baldwinian,4,0.06759172986669647,350.0,1.44,,
A_f0.7_move__baldwinian__s5,A_f0.7_move__baldwinian,A_f0.7_move,A,baldwinian,5,0.06759172986669647,200.0,1.16,,
A_f0.7_move__baldwinian__s6,A_f0.7_move__baldwinian,A_f0.7_move,A,baldwinian,6,0.06759172986669647,1000.0,2.4,,
A_f0.7_move__baldwinian__s7,A_f0.7_move__baldwinian,A_f0.7_move,A,baldwinian,7,0.06759172986669647,250.0,1.0232558139534884,,
A_f0.7_move__baldwinian__s8,A_f0.7_move__baldwinian,A_f0.7_move,A,baldwinian,8,0.06759172986669647,250.0,1.135135135135135,,
A_f0.7_move__baldwinian__s9,A_f0.7_move__baldwinian,A_f0.7_move,A,baldwinian,9,0.06759172986669647,1250.0,4.92,,
A_f0.7_move__baldwinian__s10,A_f0.7_move__baldwinian,A_f0.7_move,A,baldwinian,10,0.06759172986669647,50.0,0.74,,
A_f0.7_move__baldwinian__s11,A_f0.7_move__baldwinian,A_f0.7_move,A,baldwinian,11,0.06759172986669647,1350.0,4.26,,
A_f0.7_move__baldwinian__s12,A_f0.7_move__baldwinian,A_f0.7_move,A,baldwinian,12,0.06759172986669647,450.0,0.9,,
A_f0.7_move__baldwinian__s13,A_f0.7_move__baldwinian,A_f0.7_move,A,baldwinian,13,0.06759172986669647,1450.0,5.28,,
A_f0.7_move__baldwinian__s14,A_f0.7_move__baldwinian,A_f0.7_move,A,baldwinian,14,0.06759172986669647,400.0,1.42,,
A_f0.7_move__baldwinian__s15,A_f0.7_move__baldwinian,A_f0.7_move,A,baldwinian,15,0.06759172986669647,400.0,1.38,,
A_f0.7_move__baldwinian__s16,A_f0.7_move__baldwinian,A_f0.7_move,A,baldwinian,16,0.06759172986669647,50.0,0.8125,,
A_f0.7_move__baldwinian__s17,A_f0.7_move__baldwinian,A_f0.7_move,A,baldwinian,17,0.06759172986669647,1050.0,3.4,,
A_f0.7_move__baldwinian__s18,A_f0.7_move__baldwinian,A_f0.7_move,A,baldwinian,18,0.06759172986669647,550.0,2.020408163265306,,
A_f0.7_move__baldwinian__s19,A_f0.7_move__baldwinian,A_f0.7_move,A,baldwinian,19,0.06759172986669647,,,,
A_f0.7_move__baldwinian__s20,A_f0.7_move__baldwinian,A_f0.7_move,A,baldwinian,20,0.06759172986669647,600.0,3.2127659574468086,,
A_f0.7_move__baldwinian__s21,A_f0.7_move__baldwinian,A_f0.7_move,A,baldwinian,21,0.06759172986669647,800.0,2.953488372093023,,
A_f0.7_move__baldwinian__s22,A_f0.7_move__baldwinian,A_f0.7_move,A,baldwinian,22,0.06759172986669647,350.0,0.74,,
A_f0.7_move__baldwinian__s23,A_f0.7_move__baldwinian,A_f0.7_move,A,baldwinian,23,0.06759172986669647,300.0,1.3,,
A_f0.7_move__baldwinian__s24,A_f0.7_move__baldwinian,A_f0.7_move,A,baldwinian,24,0.06759172986669647,800.0,2.46,,
A_f0.7_move__baldwinian__s25,A_f0.7_move__baldwinian,A_f0.7_move,A,baldwinian,25,0.06759172986669647,900.0,2.98,,
A_f0.7_move__baldwinian__s26,A_f0.7_move__baldwinian,A_f0.7_move,A,baldwinian,26,0.06759172986669647,1350.0,3.34,,
A_f0.7_move__baldwinian__s27,A_f0.7_move__baldwinian,A_f0.7_move,A,baldwinian,27,0.06759172986669647,1150.0,3.26,,
A_f0.7_move__baldwinian__s28,A_f0.7_move__baldwinian,A_f0.7_move,A,baldwinian,28,0.06759172986669647,50.0,0.72,,
A_f0.7_move__baldwinian__s29,A_f0.7_move__baldwinian,A_f0.7_move,A,baldwinian,29,0.06759172986669647,550.0,1.871794871794872,,
A_f0.7_move__baldwinian__s30,A_f0.7_move__baldwinian,A_f0.7_move,A,baldwinian,30,0.06759172986669647,150.0,1.08,,
A_f0.7_move__lamarckian__s1,A_f0.7_move__lamarckian,A_f0.7_move,A,lamarckian,1,0.05993114113623804,350.0,0.86,,
A_f0.7_move__lamarckian__s2,A_f0.7_move__lamarckian,A_f0.7_move,A,lamarckian,2,0.05993114113623804,600.0,1.86,,
A_f0.7_move__lamarckian__s3,A_f0.7_move__lamarckian,A_f0.7_move,A,lamarckian,3,0.05993114113623804,100.0,0.86,,
A_f0.7_move__lamarckian__s4,A_f0.7_move__lamarckian,A_f0.7_move,A,lamarckian,4,0.05993114113623804,100.0,0.84,,
A_f0.7_move__lamarckian__s5,A_f0.7_move__lamarckian,A_f0.7_move,A,lamarckian,5,0.05993114113623804,250.0,0.94,,
A_f0.7_move__lamarckian__s6,A_f0.7_move__lamarckian,A_f0.7_move,A,lamarckian,6,0.05993114113623804,150.0,1.0476190476190477,,
A_f0.7_move__lamarckian__s7,A_f0.7_move__lamarckian,A_f0.7_move,A,lamarckian,7,0.05993114113623804,200.0,1.04,,
A_f0.7_move__lamarckian__s8,A_f0.7_move__lamarckian,A_f0.7_move,A,lamarckian,8,0.05993114113623804,400.0,1.1,,
A_f0.7_move__lamarckian__s9,A_f0.7_move__lamarckian,A_f0.7_move,A,lamarckian,9,0.05993114113623804,150.0,1.34,,
A_f0.7_move__lamarckian__s10,A_f0.7_move__lamarckian,A_f0.7_move,A,lamarckian,10,0.05993114113623804,200.0,0.98,,
A_f0.7_move__lamarckian__s11,A_f0.7_move__lamarckian,A_f0.7_move,A,lamarckian,11,0.05993114113623804,350.0,1.06,,
A_f0.7_move__lamarckian__s12,A_f0.7_move__lamarckian,A_f0.7_move,A,lamarckian,12,0.05993114113623804,200.0,1.06,,
A_f0.7_move__lamarckian__s13,A_f0.7_move__lamarckian,A_f0.7_move,A,lamarckian,13,0.05993114113623804,400.0,0.82,,
A_f0.7_move__lamarckian__s14,A_f0.7_move__lamarckian,A_f0.7_move,A,lamarckian,14,0.05993114113623804,150.0,1.06,,
A_f0.7_move__lamarckian__s15,A_f0.7_move__lamarckian,A_f0.7_move,A,lamarckian,15,0.05993114113623804,200.0,1.14,,
A_f0.7_move__lamarckian__s16,A_f0.7_move__lamarckian,A_f0.7_move,A,lamarckian,16,0.05993114113623804,550.0,1.58,,
A_f0.7_move__lamarckian__s17,A_f0.7_move__lamarckian,A_f0.7_move,A,lamarckian,17,0.05993114113623804,250.0,1.2,,
A_f0.7_move__lamarckian__s18,A_f0.7_move__lamarckian,A_f0.7_move,A,lamarckian,18,0.05993114113623804,200.0,1.04,,
A_f0.7_move__lamarckian__s19,A_f0.7_move__lamarckian,A_f0.7_move,A,lamarckian,19,0.05993114113623804,100.0,0.88,,
A_f0.7_move__lamarckian__s20,A_f0.7_move__lamarckian,A_f0.7_move,A,lamarckian,20,0.05993114113623804,250.0,1.5128205128205128,,
A_f0.7_move__lamarckian__s21,A_f0.7_move__lamarckian,A_f0.7_move,A,lamarckian,21,0.05993114113623804,150.0,0.94,,
A_f0.7_move__lamarckian__s22,A_f0.7_move__lamarckian,A_f0.7_move,A,lamarckian,22,0.05993114113623804,300.0,1.14,,
A_f0.7_move__lamarckian__s23,A_f0.7_move__lamarckian,A_f0.7_move,A,lamarckian,23,0.05993114113623804,200.0,1.0,,
A_f0.7_move__lamarckian__s24,A_f0.7_move__lamarckian,A_f0.7_move,A,lamarckian,24,0.05993114113623804,350.0,0.82,,
A_f0.7_move__lamarckian__s25,A_f0.7_move__lamarckian,A_f0.7_move,A,lamarckian,25,0.05993114113623804,150.0,1.022222222222222,,
A_f0.7_move__lamarckian__s26,A_f0.7_move__lamarckian,A_f0.7_move,A,lamarckian,26,0.05993114113623804,500.0,1.26,,
A_f0.7_move__lamarckian__s27,A_f0.7_move__lamarckian,A_f0.7_move,A,lamarckian,27,0.05993114113623804,400.0,0.8,,
A_f0.7_move__lamarckian__s28,A_f0.7_move__lamarckian,A_f0.7_move,A,lamarckian,28,0.05993114113623804,100.0,0.94,,
A_f0.7_move__lamarckian__s29,A_f0.7_move__lamarckian,A_f0.7_move,A,lamarckian,29,0.05993114113623804,150.0,0.92,,
A_f0.7_move__lamarckian__s30,A_f0.7_move__lamarckian,A_f0.7_move,A,lamarckian,30,0.05993114113623804,200.0,0.82,,
A_f0.9_blind__baldwinian__s1,A_f0.9_blind__baldwinian,A_f0.9_blind,A,baldwinian,1,0.06759172986669647,200.0,1.04,,
A_f0.9_blind__baldwinian__s2,A_f0.9_blind__baldwinian,A_f0.9_blind,A,baldwinian,2,0.06759172986669647,800.0,2.26,,
A_f0.9_blind__baldwinian__s3,A_f0.9_blind__baldwinian,A_f0.9_blind,A,baldwinian,3,0.06759172986669647,950.0,2.78,,
A_f0.9_blind__baldwinian__s4,A_f0.9_blind__baldwinian,A_f0.9_blind,A,baldwinian,4,0.06759172986669647,50.0,0.78,,
A_f0.9_blind__baldwinian__s5,A_f0.9_blind__baldwinian,A_f0.9_blind,A,baldwinian,5,0.06759172986669647,450.0,0.92,,
A_f0.9_blind__baldwinian__s6,A_f0.9_blind__baldwinian,A_f0.9_blind,A,baldwinian,6,0.06759172986669647,100.0,0.86,,
A_f0.9_blind__baldwinian__s7,A_f0.9_blind__baldwinian,A_f0.9_blind,A,baldwinian,7,0.06759172986669647,100.0,1.0,,
A_f0.9_blind__baldwinian__s8,A_f0.9_blind__baldwinian,A_f0.9_blind,A,baldwinian,8,0.06759172986669647,50.0,0.7391304347826086,,
A_f0.9_blind__baldwinian__s9,A_f0.9_blind__baldwinian,A_f0.9_blind,A,baldwinian,9,0.06759172986669647,100.0,0.8979591836734694,,
A_f0.9_blind__baldwinian__s10,A_f0.9_blind__baldwinian,A_f0.9_blind,A,baldwinian,10,0.06759172986669647,650.0,2.16,,
A_f0.9_blind__baldwinian__s11,A_f0.9_blind__baldwinian,A_f0.9_blind,A,baldwinian,11,0.06759172986669647,200.0,0.84,,
A_f0.9_blind__baldwinian__s12,A_f0.9_blind__baldwinian,A_f0.9_blind,A,baldwinian,12,0.06759172986669647,200.0,0.88,,
A_f0.9_blind__baldwinian__s13,A_f0.9_blind__baldwinian,A_f0.9_blind,A,baldwinian,13,0.06759172986669647,100.0,0.76,,
A_f0.9_blind__baldwinian__s14,A_f0.9_blind__baldwinian,A_f0.9_blind,A,baldwinian,14,0.06759172986669647,100.0,0.76,,
A_f0.9_blind__baldwinian__s15,A_f0.9_blind__baldwinian,A_f0.9_blind,A,baldwinian,15,0.06759172986669647,100.0,0.94,,
A_f0.9_blind__baldwinian__s16,A_f0.9_blind__baldwinian,A_f0.9_blind,A,baldwinian,16,0.06759172986669647,350.0,1.74,,
A_f0.9_blind__baldwinian__s17,A_f0.9_blind__baldwinian,A_f0.9_blind,A,baldwinian,17,0.06759172986669647,200.0,0.86,,
A_f0.9_blind__baldwinian__s18,A_f0.9_blind__baldwinian,A_f0.9_blind,A,baldwinian,18,0.06759172986669647,150.0,1.0,,
A_f0.9_blind__baldwinian__s19,A_f0.9_blind__baldwinian,A_f0.9_blind,A,baldwinian,19,0.06759172986669647,200.0,0.88,,
A_f0.9_blind__baldwinian__s20,A_f0.9_blind__baldwinian,A_f0.9_blind,A,baldwinian,20,0.06759172986669647,900.0,2.66,,
A_f0.9_blind__baldwinian__s21,A_f0.9_blind__baldwinian,A_f0.9_blind,A,baldwinian,21,0.06759172986669647,100.0,0.8636363636363636,,
A_f0.9_blind__baldwinian__s22,A_f0.9_blind__baldwinian,A_f0.9_blind,A,baldwinian,22,0.06759172986669647,200.0,0.94,,
A_f0.9_blind__baldwinian__s23,A_f0.9_blind__baldwinian,A_f0.9_blind,A,baldwinian,23,0.06759172986669647,500.0,1.44,,
A_f0.9_blind__baldwinian__s24,A_f0.9_blind__baldwinian,A_f0.9_blind,A,baldwinian,24,0.06759172986669647,300.0,0.94,,
A_f0.9_blind__baldwinian__s25,A_f0.9_blind__baldwinian,A_f0.9_blind,A,baldwinian,25,0.06759172986669647,150.0,1.06,,
A_f0.9_blind__baldwinian__s26,A_f0.9_blind__baldwinian,A_f0.9_blind,A,baldwinian,26,0.06759172986669647,450.0,0.96,,
A_f0.9_blind__baldwinian__s27,A_f0.9_blind__baldwinian,A_f0.9_blind,A,baldwinian,27,0.06759172986669647,300.0,1.1,,
A_f0.9_blind__baldwinian__s28,A_f0.9_blind__baldwinian,A_f0.9_blind,A,baldwinian,28,0.06759172986669647,100.0,0.72,,
A_f0.9_blind__baldwinian__s29,A_f0.9_blind__baldwinian,A_f0.9_blind,A,baldwinian,29,0.06759172986669647,150.0,1.04,,
A_f0.9_blind__baldwinian__s30,A_f0.9_blind__baldwinian,A_f0.9_blind,A,baldwinian,30,0.06759172986669647,400.0,0.84,,
A_f0.9_blind__lamarckian__s1,A_f0.9_blind__lamarckian,A_f0.9_blind,A,lamarckian,1,0.05993114113623804,300.0,1.16,,
A_f0.9_blind__lamarckian__s2,A_f0.9_blind__lamarckian,A_f0.9_blind,A,lamarckian,2,0.05993114113623804,200.0,1.34,,
A_f0.9_blind__lamarckian__s3,A_f0.9_blind__lamarckian,A_f0.9_blind,A,lamarckian,3,0.05993114113623804,500.0,1.38,,
A_f0.9_blind__lamarckian__s4,A_f0.9_blind__lamarckian,A_f0.9_blind,A,lamarckian,4,0.05993114113623804,200.0,0.74,,
A_f0.9_blind__lamarckian__s5,A_f0.9_blind__lamarckian,A_f0.9_blind,A,lamarckian,5,0.05993114113623804,150.0,1.2,,
A_f0.9_blind__lamarckian__s6,A_f0.9_blind__lamarckian,A_f0.9_blind,A,lamarckian,6,0.05993114113623804,300.0,1.1,,
A_f0.9_blind__lamarckian__s7,A_f0.9_blind__lamarckian,A_f0.9_blind,A,lamarckian,7,0.05993114113623804,150.0,0.8863636363636364,,
A_f0.9_blind__lamarckian__s8,A_f0.9_blind__lamarckian,A_f0.9_blind,A,lamarckian,8,0.05993114113623804,150.0,1.28,,
A_f0.9_blind__lamarckian__s9,A_f0.9_blind__lamarckian,A_f0.9_blind,A,lamarckian,9,0.05993114113623804,150.0,1.12,,
A_f0.9_blind__lamarckian__s10,A_f0.9_blind__lamarckian,A_f0.9_blind,A,lamarckian,10,0.05993114113623804,50.0,0.8,,
A_f0.9_blind__lamarckian__s11,A_f0.9_blind__lamarckian,A_f0.9_blind,A,lamarckian,11,0.05993114113623804,250.0,0.9,,
A_f0.9_blind__lamarckian__s12,A_f0.9_blind__lamarckian,A_f0.9_blind,A,lamarckian,12,0.05993114113623804,100.0,0.76,,
A_f0.9_blind__lamarckian__s13,A_f0.9_blind__lamarckian,A_f0.9_blind,A,lamarckian,13,0.05993114113623804,200.0,1.0444444444444445,,
A_f0.9_blind__lamarckian__s14,A_f0.9_blind__lamarckian,A_f0.9_blind,A,lamarckian,14,0.05993114113623804,100.0,0.8,,
A_f0.9_blind__lamarckian__s15,A_f0.9_blind__lamarckian,A_f0.9_blind,A,lamarckian,15,0.05993114113623804,100.0,0.7291666666666666,,
A_f0.9_blind__lamarckian__s16,A_f0.9_blind__lamarckian,A_f0.9_blind,A,lamarckian,16,0.05993114113623804,300.0,1.58,,
A_f0.9_blind__lamarckian__s17,A_f0.9_blind__lamarckian,A_f0.9_blind,A,lamarckian,17,0.05993114113623804,300.0,0.96,,
A_f0.9_blind__lamarckian__s18,A_f0.9_blind__lamarckian,A_f0.9_blind,A,lamarckian,18,0.05993114113623804,200.0,0.84,,
A_f0.9_blind__lamarckian__s19,A_f0.9_blind__lamarckian,A_f0.9_blind,A,lamarckian,19,0.05993114113623804,50.0,0.9,,
A_f0.9_blind__lamarckian__s20,A_f0.9_blind__lamarckian,A_f0.9_blind,A,lamarckian,20,0.05993114113623804,350.0,0.96,,
A_f0.9_blind__lamarckian__s21,A_f0.9_blind__lamarckian,A_f0.9_blind,A,lamarckian,21,0.05993114113623804,300.0,0.88,,
A_f0.9_blind__lamarckian__s22,A_f0.9_blind__lamarckian,A_f0.9_blind,A,lamarckian,22,0.05993114113623804,100.0,0.84,,
A_f0.9_blind__lamarckian__s23,A_f0.9_blind__lamarckian,A_f0.9_blind,A,lamarckian,23,0.05993114113623804,250.0,1.3,,
A_f0.9_blind__lamarckian__s24,A_f0.9_blind__lamarckian,A_f0.9_blind,A,lamarckian,24,0.05993114113623804,300.0,1.0,,
A_f0.9_blind__lamarckian__s25,A_f0.9_blind__lamarckian,A_f0.9_blind,A,lamarckian,25,0.05993114113623804,100.0,0.7755102040816326,,
A_f0.9_blind__lamarckian__s26,A_f0.9_blind__lamarckian,A_f0.9_blind,A,lamarckian,26,0.05993114113623804,250.0,0.9,,
A_f0.9_blind__lamarckian__s27,A_f0.9_blind__lamarckian,A_f0.9_blind,A,lamarckian,27,0.05993114113623804,300.0,0.86,,
A_f0.9_blind__lamarckian__s28,A_f0.9_blind__lamarckian,A_f0.9_blind,A,lamarckian,28,0.05993114113623804,200.0,1.14,,
A_f0.9_blind__lamarckian__s29,A_f0.9_blind__lamarckian,A_f0.9_blind,A,lamarckian,29,0.05993114113623804,150.0,1.16,,
A_f0.9_blind__lamarckian__s30,A_f0.9_blind__lamarckian,A_f0.9_blind,A,lamarckian,30,0.05993114113623804,100.0,1.04,,
A_f0.9_cells__baldwinian__s1,A_f0.9_cells__baldwinian,A_f0.9_cells,A,baldwinian,1,0.06759172986669647,350.0,0.9,,
A_f0.9_cells__baldwinian__s2,A_f0.9_cells__baldwinian,A_f0.9_cells,A,baldwinian,2,0.06759172986669647,250.0,1.22,,
A_f0.9_cells__baldwinian__s3,A_f0.9_cells__baldwinian,A_f0.9_cells,A,baldwinian,3,0.06759172986669647,50.0,0.84,,
A_f0.9_cells__baldwinian__s4,A_f0.9_cells__baldwinian,A_f0.9_cells,A,baldwinian,4,0.06759172986669647,800.0,2.0,,
A_f0.9_cells__baldwinian__s5,A_f0.9_cells__baldwinian,A_f0.9_cells,A,baldwinian,5,0.06759172986669647,250.0,1.26,,
A_f0.9_cells__baldwinian__s6,A_f0.9_cells__baldwinian,A_f0.9_cells,A,baldwinian,6,0.06759172986669647,150.0,1.2,,
A_f0.9_cells__baldwinian__s7,A_f0.9_cells__baldwinian,A_f0.9_cells,A,baldwinian,7,0.06759172986669647,200.0,1.6458333333333333,,
A_f0.9_cells__baldwinian__s8,A_f0.9_cells__baldwinian,A_f0.9_cells,A,baldwinian,8,0.06759172986669647,900.0,2.18,,
A_f0.9_cells__baldwinian__s9,A_f0.9_cells__baldwinian,A_f0.9_cells,A,baldwinian,9,0.06759172986669647,50.0,0.7959183673469388,,
A_f0.9_cells__baldwinian__s10,A_f0.9_cells__baldwinian,A_f0.9_cells,A,baldwinian,10,0.06759172986669647,1350.0,3.34,,
A_f0.9_cells__baldwinian__s11,A_f0.9_cells__baldwinian,A_f0.9_cells,A,baldwinian,11,0.06759172986669647,200.0,0.82,,
A_f0.9_cells__baldwinian__s12,A_f0.9_cells__baldwinian,A_f0.9_cells,A,baldwinian,12,0.06759172986669647,150.0,0.72,,
A_f0.9_cells__baldwinian__s13,A_f0.9_cells__baldwinian,A_f0.9_cells,A,baldwinian,13,0.06759172986669647,350.0,1.28,,
A_f0.9_cells__baldwinian__s14,A_f0.9_cells__baldwinian,A_f0.9_cells,A,baldwinian,14,0.06759172986669647,350.0,1.0,,
A_f0.9_cells__baldwinian__s15,A_f0.9_cells__baldwinian,A_f0.9_cells,A,baldwinian,15,0.06759172986669647,50.0,0.8,,
A_f0.9_cells__baldwinian__s16,A_f0.9_cells__baldwinian,A_f0.9_cells,A,baldwinian,16,0.06759172986669647,350.0,1.44,,
A_f0.9_cells__baldwinian__s17,A_f0.9_cells__baldwinian,A_f0.9_cells,A,baldwinian,17,0.06759172986669647,150.0,0.88,,
A_f0.9_cells__baldwinian__s18,A_f0.9_cells__baldwinian,A_f0.9_cells,A,baldwinian,18,0.06759172986669647,150.0,0.9,,
A_f0.9_cells__baldwinian__s19,A_f0.9_cells__baldwinian,A_f0.9_cells,A,baldwinian,19,0.06759172986669647,350.0,1.32,,
A_f0.9_cells__baldwinian__s20,A_f0.9_cells__baldwinian,A_f0.9_cells,A,baldwinian,20,0.06759172986669647,300.0,1.24,,
A_f0.9_cells__baldwinian__s21,A_f0.9_cells__baldwinian,A_f0.9_cells,A,baldwinian,21,0.06759172986669647,400.0,1.14,,
A_f0.9_cells__baldwinian__s22,A_f0.9_cells__baldwinian,A_f0.9_cells,A,baldwinian,22,0.06759172986669647,250.0,1.0,,
A_f0.9_cells__baldwinian__s23,A_f0.9_cells__baldwinian,A_f0.9_cells,A,baldwinian,23,0.06759172986669647,450.0,1.32,,
A_f0.9_cells__baldwinian__s24,A_f0.9_cells__baldwinian,A_f0.9_cells,A,baldwinian,24,0.06759172986669647,350.0,0.9,,
A_f0.9_cells__baldwinian__s25,A_f0.9_cells__baldwinian,A_f0.9_cells,A,baldwinian,25,0.06759172986669647,250.0,1.08,,
A_f0.9_cells__baldwinian__s26,A_f0.9_cells__baldwinian,A_f0.9_cells,A,baldwinian,26,0.06759172986669647,300.0,0.72,,
A_f0.9_cells__baldwinian__s27,A_f0.9_cells__baldwinian,A_f0.9_cells,A,baldwinian,27,0.06759172986669647,200.0,0.9,,
A_f0.9_cells__baldwinian__s28,A_f0.9_cells__baldwinian,A_f0.9_cells,A,baldwinian,28,0.06759172986669647,150.0,0.78,,
A_f0.9_cells__baldwinian__s29,A_f0.9_cells__baldwinian,A_f0.9_cells,A,baldwinian,29,0.06759172986669647,250.0,0.96,,
A_f0.9_cells__baldwinian__s30,A_f0.9_cells__baldwinian,A_f0.9_cells,A,baldwinian,30,0.06759172986669647,350.0,0.8,,
A_f0.9_cells__lamarckian__s1,A_f0.9_cells__lamarckian,A_f0.9_cells,A,lamarckian,1,0.05993114113623804,250.0,1.12,,
A_f0.9_cells__lamarckian__s2,A_f0.9_cells__lamarckian,A_f0.9_cells,A,lamarckian,2,0.05993114113623804,350.0,1.18,,
A_f0.9_cells__lamarckian__s3,A_f0.9_cells__lamarckian,A_f0.9_cells,A,lamarckian,3,0.05993114113623804,450.0,1.0,,
A_f0.9_cells__lamarckian__s4,A_f0.9_cells__lamarckian,A_f0.9_cells,A,lamarckian,4,0.05993114113623804,150.0,0.98,,
A_f0.9_cells__lamarckian__s5,A_f0.9_cells__lamarckian,A_f0.9_cells,A,lamarckian,5,0.05993114113623804,200.0,1.02,,
A_f0.9_cells__lamarckian__s6,A_f0.9_cells__lamarckian,A_f0.9_cells,A,lamarckian,6,0.05993114113623804,350.0,1.08,,
A_f0.9_cells__lamarckian__s7,A_f0.9_cells__lamarckian,A_f0.9_cells,A,lamarckian,7,0.05993114113623804,200.0,1.1333333333333333,,
A_f0.9_cells__lamarckian__s8,A_f0.9_cells__lamarckian,A_f0.9_cells,A,lamarckian,8,0.05993114113623804,250.0,0.86,,
A_f0.9_cells__lamarckian__s9,A_f0.9_cells__lamarckian,A_f0.9_cells,A,lamarckian,9,0.05993114113623804,50.0,0.9,,
A_f0.9_cells__lamarckian__s10,A_f0.9_cells__lamarckian,A_f0.9_cells,A,lamarckian,10,0.05993114113623804,200.0,1.12,,
A_f0.9_cells__lamarckian__s11,A_f0.9_cells__lamarckian,A_f0.9_cells,A,lamarckian,11,0.05993114113623804,200.0,0.82,,
A_f0.9_cells__lamarckian__s12,A_f0.9_cells__lamarckian,A_f0.9_cells,A,lamarckian,12,0.05993114113623804,150.0,0.76,,
A_f0.9_cells__lamarckian__s13,A_f0.9_cells__lamarckian,A_f0.9_cells,A,lamarckian,13,0.05993114113623804,100.0,0.76,,
A_f0.9_cells__lamarckian__s14,A_f0.9_cells__lamarckian,A_f0.9_cells,A,lamarckian,14,0.05993114113623804,100.0,0.78,,
A_f0.9_cells__lamarckian__s15,A_f0.9_cells__lamarckian,A_f0.9_cells,A,lamarckian,15,0.05993114113623804,50.0,0.7346938775510204,,
A_f0.9_cells__lamarckian__s16,A_f0.9_cells__lamarckian,A_f0.9_cells,A,lamarckian,16,0.05993114113623804,150.0,1.14,,
A_f0.9_cells__lamarckian__s17,A_f0.9_cells__lamarckian,A_f0.9_cells,A,lamarckian,17,0.05993114113623804,150.0,0.86,,
A_f0.9_cells__lamarckian__s18,A_f0.9_cells__lamarckian,A_f0.9_cells,A,lamarckian,18,0.05993114113623804,300.0,0.9,,
A_f0.9_cells__lamarckian__s19,A_f0.9_cells__lamarckian,A_f0.9_cells,A,lamarckian,19,0.05993114113623804,300.0,1.16,,
A_f0.9_cells__lamarckian__s20,A_f0.9_cells__lamarckian,A_f0.9_cells,A,lamarckian,20,0.05993114113623804,250.0,0.94,,
A_f0.9_cells__lamarckian__s21,A_f0.9_cells__lamarckian,A_f0.9_cells,A,lamarckian,21,0.05993114113623804,150.0,1.22,,
A_f0.9_cells__lamarckian__s22,A_f0.9_cells__lamarckian,A_f0.9_cells,A,lamarckian,22,0.05993114113623804,250.0,1.0,,
A_f0.9_cells__lamarckian__s23,A_f0.9_cells__lamarckian,A_f0.9_cells,A,lamarckian,23,0.05993114113623804,350.0,1.08,,
A_f0.9_cells__lamarckian__s24,A_f0.9_cells__lamarckian,A_f0.9_cells,A,lamarckian,24,0.05993114113623804,250.0,0.82,,
A_f0.9_cells__lamarckian__s25,A_f0.9_cells__lamarckian,A_f0.9_cells,A,lamarckian,25,0.05993114113623804,150.0,0.9361702127659576,,
A_f0.9_cells__lamarckian__s26,A_f0.9_cells__lamarckian,A_f0.9_cells,A,lamarckian,26,0.05993114113623804,150.0,0.92,,
A_f0.9_cells__lamarckian__s27,A_f0.9_cells__lamarckian,A_f0.9_cells,A,lamarckian,27,0.05993114113623804,350.0,0.96,,
A_f0.9_cells__lamarckian__s28,A_f0.9_cells__lamarckian,A_f0.9_cells,A,lamarckian,28,0.05993114113623804,150.0,1.0,,
A_f0.9_cells__lamarckian__s29,A_f0.9_cells__lamarckian,A_f0.9_cells,A,lamarckian,29,0.05993114113623804,250.0,1.18,,
A_f0.9_cells__lamarckian__s30,A_f0.9_cells__lamarckian,A_f0.9_cells,A,lamarckian,30,0.05993114113623804,100.0,1.02,,
A_f0.9_move__baldwinian__s1,A_f0.9_move__baldwinian,A_f0.9_move,A,baldwinian,1,0.06759172986669647,200.0,1.3404255319148937,,
A_f0.9_move__baldwinian__s2,A_f0.9_move__baldwinian,A_f0.9_move,A,baldwinian,2,0.06759172986669647,850.0,2.5,,
A_f0.9_move__baldwinian__s3,A_f0.9_move__baldwinian,A_f0.9_move,A,baldwinian,3,0.06759172986669647,350.0,1.4375,,
A_f0.9_move__baldwinian__s4,A_f0.9_move__baldwinian,A_f0.9_move,A,baldwinian,4,0.06759172986669647,400.0,0.74,,
A_f0.9_move__baldwinian__s5,A_f0.9_move__baldwinian,A_f0.9_move,A,baldwinian,5,0.06759172986669647,300.0,1.18,,
A_f0.9_move__baldwinian__s6,A_f0.9_move__baldwinian,A_f0.9_move,A,baldwinian,6,0.06759172986669647,400.0,1.28,,
A_f0.9_move__baldwinian__s7,A_f0.9_move__baldwinian,A_f0.9_move,A,baldwinian,7,0.06759172986669647,100.0,0.9777777777777776,,
A_f0.9_move__baldwinian__s8,A_f0.9_move__baldwinian,A_f0.9_move,A,baldwinian,8,0.06759172986669647,950.0,2.62,,
A_f0.9_move__baldwinian__s9,A_f0.9_move__baldwinian,A_f0.9_move,A,baldwinian,9,0.06759172986669647,450.0,0.96,,
A_f0.9_move__baldwinian__s10,A_f0.9_move__baldwinian,A_f0.9_move,A,baldwinian,10,0.06759172986669647,600.0,2.2,,
A_f0.9_move__baldwinian__s11,A_f0.9_move__baldwinian,A_f0.9_move,A,baldwinian,11,0.06759172986669647,450.0,0.96,,
A_f0.9_move__baldwinian__s12,A_f0.9_move__baldwinian,A_f0.9_move,A,baldwinian,12,0.06759172986669647,150.0,0.92,,
A_f0.9_move__baldwinian__s13,A_f0.9_move__baldwinian,A_f0.9_move,A,baldwinian,13,0.06759172986669647,250.0,0.92,,
A_f0.9_move__baldwinian__s14,A_f0.9_move__baldwinian,A_f0.9_move,A,baldwinian,14,0.06759172986669647,100.0,0.8,,
A_f0.9_move__baldwinian__s15,A_f0.9_move__baldwinian,A_f0.9_move,A,baldwinian,15,0.06759172986669647,300.0,1.32,,
A_f0.9_move__baldwinian__s16,A_f0.9_move__baldwinian,A_f0.9_move,A,baldwinian,16,0.06759172986669647,150.0,1.42,,
A_f0.9_move__baldwinian__s17,A_f0.9_move__baldwinian,A_f0.9_move,A,baldwinian,17,0.06759172986669647,350.0,0.94,,
A_f0.9_move__baldwinian__s18,A_f0.9_move__baldwinian,A_f0.9_move,A,baldwinian,18,0.06759172986669647,500.0,1.76,,
A_f0.9_move__baldwinian__s19,A_f0.9_move__baldwinian,A_f0.9_move,A,baldwinian,19,0.06759172986669647,350.0,1.08,,
A_f0.9_move__baldwinian__s20,A_f0.9_move__baldwinian,A_f0.9_move,A,baldwinian,20,0.06759172986669647,250.0,1.16,,
A_f0.9_move__baldwinian__s21,A_f0.9_move__baldwinian,A_f0.9_move,A,baldwinian,21,0.06759172986669647,50.0,0.7,,
A_f0.9_move__baldwinian__s22,A_f0.9_move__baldwinian,A_f0.9_move,A,baldwinian,22,0.06759172986669647,400.0,0.98,,
A_f0.9_move__baldwinian__s23,A_f0.9_move__baldwinian,A_f0.9_move,A,baldwinian,23,0.06759172986669647,200.0,0.84,,
A_f0.9_move__baldwinian__s24,A_f0.9_move__baldwinian,A_f0.9_move,A,baldwinian,24,0.06759172986669647,350.0,0.86,,
A_f0.9_move__baldwinian__s25,A_f0.9_move__baldwinian,A_f0.9_move,A,baldwinian,25,0.06759172986669647,300.0,1.24,,
A_f0.9_move__baldwinian__s26,A_f0.9_move__baldwinian,A_f0.9_move,A,baldwinian,26,0.06759172986669647,200.0,0.72,,
A_f0.9_move__baldwinian__s27,A_f0.9_move__baldwinian,A_f0.9_move,A,baldwinian,27,0.06759172986669647,50.0,0.82,,
A_f0.9_move__baldwinian__s28,A_f0.9_move__baldwinian,A_f0.9_move,A,baldwinian,28,0.06759172986669647,200.0,0.76,,
A_f0.9_move__baldwinian__s29,A_f0.9_move__baldwinian,A_f0.9_move,A,baldwinian,29,0.06759172986669647,250.0,1.24,,
A_f0.9_move__baldwinian__s30,A_f0.9_move__baldwinian,A_f0.9_move,A,baldwinian,30,0.06759172986669647,350.0,1.0,,
A_f0.9_move__lamarckian__s1,A_f0.9_move__lamarckian,A_f0.9_move,A,lamarckian,1,0.05993114113623804,150.0,1.2340425531914894,,
A_f0.9_move__lamarckian__s2,A_f0.9_move__lamarckian,A_f0.9_move,A,lamarckian,2,0.05993114113623804,200.0,1.04,,
A_f0.9_move__lamarckian__s3,A_f0.9_move__lamarckian,A_f0.9_move,A,lamarckian,3,0.05993114113623804,350.0,0.98,,
A_f0.9_move__lamarckian__s4,A_f0.9_move__lamarckian,A_f0.9_move,A,lamarckian,4,0.05993114113623804,150.0,0.88,,
A_f0.9_move__lamarckian__s5,A_f0.9_move__lamarckian,A_f0.9_move,A,lamarckian,5,0.05993114113623804,400.0,1.02,,
A_f0.9_move__lamarckian__s6,A_f0.9_move__lamarckian,A_f0.9_move,A,lamarckian,6,0.05993114113623804,250.0,1.38,,
A_f0.9_move__lamarckian__s7,A_f0.9_move__lamarckian,A_f0.9_move,A,lamarckian,7,0.05993114113623804,100.0,0.717391304347826,,
A_f0.9_move__lamarckian__s8,A_f0.9_move__lamarckian,A_f0.9_move,A,lamarckian,8,0.05993114113623804,200.0,1.0,,
A_f0.9_move__lamarckian__s9,A_f0.9_move__lamarckian,A_f0.9_move,A,lamarckian,9,0.05993114113623804,150.0,1.44,,
A_f0.9_move__lamarckian__s10,A_f0.9_move__lamarckian,A_f0.9_move,A,lamarckian,10,0.05993114113623804,350.0,1.12,,
A_f0.9_move__lamarckian__s11,A_f0.9_move__lamarckian,A_f0.9_move,A,lamarckian,11,0.05993114113623804,250.0,1.2,,
A_f0.9_move__lamarckian__s12,A_f0.9_move__lamarckian,A_f0.9_move,A,lamarckian,12,0.05993114113623804,50.0,0.78,,
A_f0.9_move__lamarckian__s13,A_f0.9_move__lamarckian,A_f0.9_move,A,lamarckian,13,0.05993114113623804,150.0,0.86,,
A_f0.9_move__lamarckian__s14,A_f0.9_move__lamarckian,A_f0.9_move,A,lamarckian,14,0.05993114113623804,150.0,0.82,,
A_f0.9_move__lamarckian__s15,A_f0.9_move__lamarckian,A_f0.9_move,A,lamarckian,15,0.05993114113623804,50.0,0.74,,
A_f0.9_move__lamarckian__s16,A_f0.9_move__lamarckian,A_f0.9_move,A,lamarckian,16,0.05993114113623804,450.0,1.7,,
A_f0.9_move__lamarckian__s17,A_f0.9_move__lamarckian,A_f0.9_move,A,lamarckian,17,0.05993114113623804,200.0,0.82,,
A_f0.9_move__lamarckian__s18,A_f0.9_move__lamarckian,A_f0.9_move,A,lamarckian,18,0.05993114113623804,50.0,0.82,,
A_f0.9_move__lamarckian__s19,A_f0.9_move__lamarckian,A_f0.9_move,A,lamarckian,19,0.05993114113623804,50.0,0.9,,
A_f0.9_move__lamarckian__s20,A_f0.9_move__lamarckian,A_f0.9_move,A,lamarckian,20,0.05993114113623804,200.0,1.1,,
A_f0.9_move__lamarckian__s21,A_f0.9_move__lamarckian,A_f0.9_move,A,lamarckian,21,0.05993114113623804,200.0,0.92,,
A_f0.9_move__lamarckian__s22,A_f0.9_move__lamarckian,A_f0.9_move,A,lamarckian,22,0.05993114113623804,200.0,0.98,,
A_f0.9_move__lamarckian__s23,A_f0.9_move__lamarckian,A_f0.9_move,A,lamarckian,23,0.05993114113623804,250.0,1.12,,
A_f0.9_move__lamarckian__s24,A_f0.9_move__lamarckian,A_f0.9_move,A,lamarckian,24,0.05993114113623804,250.0,1.08,,
A_f0.9_move__lamarckian__s25,A_f0.9_move__lamarckian,A_f0.9_move,A,lamarckian,25,0.05993114113623804,150.0,0.9791666666666666,,
A_f0.9_move__lamarckian__s26,A_f0.9_move__lamarckian,A_f0.9_move,A,lamarckian,26,0.05993114113623804,50.0,0.78,,
A_f0.9_move__lamarckian__s27,A_f0.9_move__lamarckian,A_f0.9_move,A,lamarckian,27,0.05993114113623804,50.0,0.8,,
A_f0.9_move__lamarckian__s28,A_f0.9_move__lamarckian,A_f0.9_move,A,lamarckian,28,0.05993114113623804,100.0,1.06,,
A_f0.9_move__lamarckian__s29,A_f0.9_move__lamarckian,A_f0.9_move,A,lamarckian,29,0.05993114113623804,150.0,0.9375,,
A_f0.9_move__lamarckian__s30,A_f0.9_move__lamarckian,A_f0.9_move,A,lamarckian,30,0.05993114113623804,350.0,1.02,,
A_f1_blind__baldwinian__s1,A_f1_blind__baldwinian,A_f1_blind,A,baldwinian,1,0.06759172986669647,150.0,1.06,,
A_f1_blind__baldwinian__s2,A_f1_blind__baldwinian,A_f1_blind,A,baldwinian,2,0.06759172986669647,400.0,1.16,,
A_f1_blind__baldwinian__s3,A_f1_blind__baldwinian,A_f1_blind,A,baldwinian,3,0.06759172986669647,300.0,1.18,,
A_f1_blind__baldwinian__s4,A_f1_blind__baldwinian,A_f1_blind,A,baldwinian,4,0.06759172986669647,50.0,0.72,,
A_f1_blind__baldwinian__s5,A_f1_blind__baldwinian,A_f1_blind,A,baldwinian,5,0.06759172986669647,200.0,1.12,,
A_f1_blind__baldwinian__s6,A_f1_blind__baldwinian,A_f1_blind,A,baldwinian,6,0.06759172986669647,100.0,0.94,,
A_f1_blind__baldwinian__s7,A_f1_blind__baldwinian,A_f1_blind,A,baldwinian,7,0.06759172986669647,150.0,0.9714285714285714,,
A_f1_blind__baldwinian__s8,A_f1_blind__baldwinian,A_f1_blind,A,baldwinian,8,0.06759172986669647,350.0,1.18,,
A_f1_blind__baldwinian__s9,A_f1_blind__baldwinian,A_f1_blind,A,baldwinian,9,0.06759172986669647,250.0,1.3,,
A_f1_blind__baldwinian__s10,A_f1_blind__baldwinian,A_f1_blind,A,baldwinian,10,0.06759172986669647,250.0,1.1,,
A_f1_blind__baldwinian__s11,A_f1_blind__baldwinian,A_f1_blind,A,baldwinian,11,0.06759172986669647,600.0,2.1,,
A_f1_blind__baldwinian__s12,A_f1_blind__baldwinian,A_f1_blind,A,baldwinian,12,0.06759172986669647,150.0,0.7,,
A_f1_blind__baldwinian__s13,A_f1_blind__baldwinian,A_f1_blind,A,baldwinian,13,0.06759172986669647,200.0,0.72,,
A_f1_blind__baldwinian__s14,A_f1_blind__baldwinian,A_f1_blind,A,baldwinian,14,0.06759172986669647,150.0,0.96,,
A_f1_blind__baldwinian__s15,A_f1_blind__baldwinian,A_f1_blind,A,baldwinian,15,0.06759172986669647,100.0,1.02,,
A_f1_blind__baldwinian__s16,A_f1_blind__baldwinian,A_f1_blind,A,baldwinian,16,0.06759172986669647,350.0,0.98,,
A_f1_blind__baldwinian__s17,A_f1_blind__baldwinian,A_f1_blind,A,baldwinian,17,0.06759172986669647,100.0,0.66,,
A_f1_blind__baldwinian__s18,A_f1_blind__baldwinian,A_f1_blind,A,baldwinian,18,0.06759172986669647,150.0,0.7755102040816326,,
A_f1_blind__baldwinian__s19,A_f1_blind__baldwinian,A_f1_blind,A,baldwinian,19,0.06759172986669647,50.0,0.78,,
A_f1_blind__baldwinian__s20,A_f1_blind__baldwinian,A_f1_blind,A,baldwinian,20,0.06759172986669647,350.0,1.2941176470588236,,
A_f1_blind__baldwinian__s21,A_f1_blind__baldwinian,A_f1_blind,A,baldwinian,21,0.06759172986669647,100.0,0.78,,
A_f1_blind__baldwinian__s22,A_f1_blind__baldwinian,A_f1_blind,A,baldwinian,22,0.06759172986669647,450.0,0.72,,
A_f1_blind__baldwinian__s23,A_f1_blind__baldwinian,A_f1_blind,A,baldwinian,23,0.06759172986669647,450.0,1.16,,
A_f1_blind__baldwinian__s24,A_f1_blind__baldwinian,A_f1_blind,A,baldwinian,24,0.06759172986669647,50.0,0.88,,
A_f1_blind__baldwinian__s25,A_f1_blind__baldwinian,A_f1_blind,A,baldwinian,25,0.06759172986669647,450.0,1.38,,
A_f1_blind__baldwinian__s26,A_f1_blind__baldwinian,A_f1_blind,A,baldwinian,26,0.06759172986669647,100.0,0.86,,
A_f1_blind__baldwinian__s27,A_f1_blind__baldwinian,A_f1_blind,A,baldwinian,27,0.06759172986669647,100.0,0.72,,
A_f1_blind__baldwinian__s28,A_f1_blind__baldwinian,A_f1_blind,A,baldwinian,28,0.06759172986669647,300.0,0.98,,
A_f1_blind__baldwinian__s29,A_f1_blind__baldwinian,A_f1_blind,A,baldwinian,29,0.06759172986669647,950.0,2.28,,
A_f1_blind__baldwinian__s30,A_f1_blind__baldwinian,A_f1_blind,A,baldwinian,30,0.06759172986669647,350.0,0.78,,
A_f1_blind__lamarckian__s1,A_f1_blind__lamarckian,A_f1_blind,A,lamarckian,1,0.05993114113623804,250.0,0.84,,
A_f1_blind__lamarckian__s2,A_f1_blind__lamarckian,A_f1_blind,A,lamarckian,2,0.05993114113623804,250.0,1.34,,
A_f1_blind__lamarckian__s3,A_f1_blind__lamarckian,A_f1_blind,A,lamarckian,3,0.05993114113623804,300.0,1.1,,
A_f1_blind__lamarckian__s4,A_f1_blind__lamarckian,A_f1_blind,A,lamarckian,4,0.05993114113623804,50.0,0.78,,
A_f1_blind__lamarckian__s5,A_f1_blind__lamarckian,A_f1_blind,A,lamarckian,5,0.05993114113623804,200.0,1.1,,
A_f1_blind__lamarckian__s6,A_f1_blind__lamarckian,A_f1_blind,A,lamarckian,6,0.05993114113623804,250.0,1.48,,
A_f1_blind__lamarckian__s7,A_f1_blind__lamarckian,A_f1_blind,A,lamarckian,7,0.05993114113623804,200.0,1.02,,
A_f1_blind__lamarckian__s8,A_f1_blind__lamarckian,A_f1_blind,A,lamarckian,8,0.05993114113623804,200.0,1.0,,
A_f1_blind__lamarckian__s9,A_f1_blind__lamarckian,A_f1_blind,A,lamarckian,9,0.05993114113623804,50.0,0.88,,
A_f1_blind__lamarckian__s10,A_f1_blind__lamarckian,A_f1_blind,A,lamarckian,10,0.05993114113623804,100.0,1.0638297872340423,,
A_f1_blind__lamarckian__s11,A_f1_blind__lamarckian,A_f1_blind,A,lamarckian,11,0.05993114113623804,250.0,0.98,,
A_f1_blind__lamarckian__s12,A_f1_blind__lamarckian,A_f1_blind,A,lamarckian,12,0.05993114113623804,150.0,0.82,,
A_f1_blind__lamarckian__s13,A_f1_blind__lamarckian,A_f1_blind,A,lamarckian,13,0.05993114113623804,200.0,0.94,,
A_f1_blind__lamarckian__s14,A_f1_blind__lamarckian,A_f1_blind,A,lamarckian,14,0.05993114113623804,100.0,0.82,,
A_f1_blind__lamarckian__s15,A_f1_blind__lamarckian,A_f1_blind,A,lamarckian,15,0.05993114113623804,100.0,0.8297872340425532,,
A_f1_blind__lamarckian__s16,A_f1_blind__lamarckian,A_f1_blind,A,lamarckian,16,0.05993114113623804,200.0,1.02,,
A_f1_blind__lamarckian__s17,A_f1_blind__lamarckian,A_f1_blind,A,lamarckian,17,0.05993114113623804,50.0,0.7,,
A_f1_blind__lamarckian__s18,A_f1_blind__lamarckian,A_f1_blind,A,lamarckian,18,0.05993114113623804,50.0,0.8,,
A_f1_blind__lamarckian__s19,A_f1_blind__lamarckian,A_f1_blind,A,lamarckian,19,0.05993114113623804,100.0,0.84,,
A_f1_blind__lamarckian__s20,A_f1_blind__lamarckian,A_f1_blind,A,lamarckian,20,0.05993114113623804,250.0,1.34,,
A_f1_blind__lamarckian__s21,A_f1_blind__lamarckian,A_f1_blind,A,lamarckian,21,0.05993114113623804,100.0,1.12,,
A_f1_blind__lamarckian__s22,A_f1_blind__lamarckian,A_f1_blind,A,lamarckian,22,0.05993114113623804,200.0,0.8,,
A_f1_blind__lamarckian__s23,A_f1_blind__lamarckian,A_f1_blind,A,lamarckian,23,0.05993114113623804,50.0,0.84,,
A_f1_blind__lamarckian__s24,A_f1_blind__lamarckian,A_f1_blind,A,lamarckian,24,0.05993114113623804,50.0,0.82,,
A_f1_blind__lamarckian__s25,A_f1_blind__lamarckian,A_f1_blind,A,lamarckian,25,0.05993114113623804,150.0,1.08,,
A_f1_blind__lamarckian__s26,A_f1_blind__lamarckian,A_f1_blind,A,lamarckian,26,0.05993114113623804,200.0,0.8,,
A_f1_blind__lamarckian__s27,A_f1_blind__lamarckian,A_f1_blind,A,lamarckian,27,0.05993114113623804,200.0,0.9,,
A_f1_blind__lamarckian__s28,A_f1_blind__lamarckian,A_f1_blind,A,lamarckian,28,0.05993114113623804,100.0,0.86,,
A_f1_blind__lamarckian__s29,A_f1_blind__lamarckian,A_f1_blind,A,lamarckian,29,0.05993114113623804,150.0,1.14,,
A_f1_blind__lamarckian__s30,A_f1_blind__lamarckian,A_f1_blind,A,lamarckian,30,0.05993114113623804,150.0,0.98,,
A_f1_cells__baldwinian__s1,A_f1_cells__baldwinian,A_f1_cells,A,baldwinian,1,0.06759172986669647,200.0,1.06,,
A_f1_cells__baldwinian__s2,A_f1_cells__baldwinian,A_f1_cells,A,baldwinian,2,0.06759172986669647,150.0,1.0212765957446808,,
A_f1_cells__baldwinian__s3,A_f1_cells__baldwinian,A_f1_cells,A,baldwinian,3,0.06759172986669647,50.0,0.78,,
A_f1_cells__baldwinian__s4,A_f1_cells__baldwinian,A_f1_cells,A,baldwinian,4,0.06759172986669647,350.0,0.92,,
A_f1_cells__baldwinian__s5,A_f1_cells__baldwinian,A_f1_cells,A,baldwinian,5,0.06759172986669647,100.0,0.78,,
A_f1_cells__baldwinian__s6,A_f1_cells__baldwinian,A_f1_cells,A,baldwinian,6,0.06759172986669647,300.0,1.26,,
A_f1_cells__baldwinian__s7,A_f1_cells__baldwinian,A_f1_cells,A,baldwinian,7,0.06759172986669647,50.0,0.88,,
A_f1_cells__baldwinian__s8,A_f1_cells__baldwinian,A_f1_cells,A,baldwinian,8,0.06759172986669647,300.0,1.2,,
A_f1_cells__baldwinian__s9,A_f1_cells__baldwinian,A_f1_cells,A,baldwinian,9,0.06759172986669647,50.0,0.82,,
A_f1_cells__baldwinian__s10,A_f1_cells__baldwinian,A_f1_cells,A,baldwinian,10,0.06759172986669647,350.0,1.2,,
A_f1_cells__baldwinian__s11,A_f1_cells__baldwinian,A_f1_cells,A,baldwinian,11,0.06759172986669647,550.0,1.46,,
A_f1_cells__baldwinian__s12,A_f1_cells__baldwinian,A_f1_cells,A,baldwinian,12,0.06759172986669647,50.0,0.66,,
A_f1_cells__baldwinian__s13,A_f1_cells__baldwinian,A_f1_cells,A,baldwinian,13,0.06759172986669647,300.0,0.82,,
A_f1_cells__baldwinian__s14,A_f1_cells__baldwinian,A_f1_cells,A,baldwinian,14,0.06759172986669647,150.0,1.06,,
A_f1_cells__baldwinian__s15,A_f1_cells__baldwinian,A_f1_cells,A,baldwinian,15,0.06759172986669647,100.0,0.9591836734693876,,
A_f1_cells__baldwinian__s16,A_f1_cells__baldwinian,A_f1_cells,A,baldwinian,16,0.06759172986669647,200.0,0.9,,
A_f1_cells__baldwinian__s17,A_f1_cells__baldwinian,A_f1_cells,A,baldwinian,17,0.06759172986669647,450.0,1.06,,
A_f1_cells__baldwinian__s18,A_f1_cells__baldwinian,A_f1_cells,A,baldwinian,18,0.06759172986669647,300.0,0.88,,
A_f1_cells__baldwinian__s19,A_f1_cells__baldwinian,A_f1_cells,A,baldwinian,19,0.06759172986669647,350.0,1.26,,
A_f1_cells__baldwinian__s20,A_f1_cells__baldwinian,A_f1_cells,A,baldwinian,20,0.06759172986669647,400.0,0.96,,
A_f1_cells__baldwinian__s21,A_f1_cells__baldwinian,A_f1_cells,A,baldwinian,21,0.06759172986669647,300.0,1.04,,
A_f1_cells__baldwinian__s22,A_f1_cells__baldwinian,A_f1_cells,A,baldwinian,22,0.06759172986669647,250.0,0.68,,
A_f1_cells__baldwinian__s23,A_f1_cells__baldwinian,A_f1_cells,A,baldwinian,23,0.06759172986669647,250.0,1.16,,
A_f1_cells__baldwinian__s24,A_f1_cells__baldwinian,A_f1_cells,A,baldwinian,24,0.06759172986669647,300.0,0.96,,
A_f1_cells__baldwinian__s25,A_f1_cells__baldwinian,A_f1_cells,A,baldwinian,25,0.06759172986669647,100.0,0.82,,
A_f1_cells__baldwinian__s26,A_f1_cells__baldwinian,A_f1_cells,A,baldwinian,26,0.06759172986669647,100.0,0.78,,
A_f1_cells__baldwinian__s27,A_f1_cells__baldwinian,A_f1_cells,A,baldwinian,27,0.06759172986669647,400.0,0.84,,
A_f1_cells__baldwinian__s28,A_f1_cells__baldwinian,A_f1_cells,A,baldwinian,28,0.06759172986669647,100.0,0.76,,
A_f1_cells__baldwinian__s29,A_f1_cells__baldwinian,A_f1_cells,A,baldwinian,29,0.06759172986669647,300.0,1.1041666666666667,,
A_f1_cells__baldwinian__s30,A_f1_cells__baldwinian,A_f1_cells,A,baldwinian,30,0.06759172986669647,50.0,0.7,,
A_f1_cells__lamarckian__s1,A_f1_cells__lamarckian,A_f1_cells,A,lamarckian,1,0.05993114113623804,200.0,0.78,,
A_f1_cells__lamarckian__s2,A_f1_cells__lamarckian,A_f1_cells,A,lamarckian,2,0.05993114113623804,50.0,0.7446808510638298,,
A_f1_cells__lamarckian__s3,A_f1_cells__lamarckian,A_f1_cells,A,lamarckian,3,0.05993114113623804,250.0,0.96,,
A_f1_cells__lamarckian__s4,A_f1_cells__lamarckian,A_f1_cells,A,lamarckian,4,0.05993114113623804,150.0,0.74,,
A_f1_cells__lamarckian__s5,A_f1_cells__lamarckian,A_f1_cells,A,lamarckian,5,0.05993114113623804,250.0,1.52,,
A_f1_cells__lamarckian__s6,A_f1_cells__lamarckian,A_f1_cells,A,lamarckian,6,0.05993114113623804,50.0,0.92,,
A_f1_cells__lamarckian__s7,A_f1_cells__lamarckian,A_f1_cells,A,lamarckian,7,0.05993114113623804,150.0,0.9302325581395348,,
A_f1_cells__lamarckian__s8,A_f1_cells__lamarckian,A_f1_cells,A,lamarckian,8,0.05993114113623804,200.0,0.88,,
A_f1_cells__lamarckian__s9,A_f1_cells__lamarckian,A_f1_cells,A,lamarckian,9,0.05993114113623804,50.0,0.84,,
A_f1_cells__lamarckian__s10,A_f1_cells__lamarckian,A_f1_cells,A,lamarckian,10,0.05993114113623804,100.0,0.9,,
A_f1_cells__lamarckian__s11,A_f1_cells__lamarckian,A_f1_cells,A,lamarckian,11,0.05993114113623804,350.0,0.92,,
A_f1_cells__lamarckian__s12,A_f1_cells__lamarckian,A_f1_cells,A,lamarckian,12,0.05993114113623804,50.0,0.8,,
A_f1_cells__lamarckian__s13,A_f1_cells__lamarckian,A_f1_cells,A,lamarckian,13,0.05993114113623804,200.0,1.22,,
A_f1_cells__lamarckian__s14,A_f1_cells__lamarckian,A_f1_cells,A,lamarckian,14,0.05993114113623804,200.0,0.8,,
A_f1_cells__lamarckian__s15,A_f1_cells__lamarckian,A_f1_cells,A,lamarckian,15,0.05993114113623804,250.0,1.08,,
A_f1_cells__lamarckian__s16,A_f1_cells__lamarckian,A_f1_cells,A,lamarckian,16,0.05993114113623804,200.0,0.9,,
A_f1_cells__lamarckian__s17,A_f1_cells__lamarckian,A_f1_cells,A,lamarckian,17,0.05993114113623804,150.0,0.86,,
A_f1_cells__lamarckian__s18,A_f1_cells__lamarckian,A_f1_cells,A,lamarckian,18,0.05993114113623804,200.0,0.88,,
A_f1_cells__lamarckian__s19,A_f1_cells__lamarckian,A_f1_cells,A,lamarckian,19,0.05993114113623804,50.0,0.78,,
A_f1_cells__lamarckian__s20,A_f1_cells__lamarckian,A_f1_cells,A,lamarckian,20,0.05993114113623804,150.0,1.16,,
A_f1_cells__lamarckian__s21,A_f1_cells__lamarckian,A_f1_cells,A,lamarckian,21,0.05993114113623804,150.0,1.36,,
A_f1_cells__lamarckian__s22,A_f1_cells__lamarckian,A_f1_cells,A,lamarckian,22,0.05993114113623804,200.0,0.88,,
A_f1_cells__lamarckian__s23,A_f1_cells__lamarckian,A_f1_cells,A,lamarckian,23,0.05993114113623804,150.0,1.18,,
A_f1_cells__lamarckian__s24,A_f1_cells__lamarckian,A_f1_cells,A,lamarckian,24,0.05993114113623804,50.0,0.82,,
A_f1_cells__lamarckian__s25,A_f1_cells__lamarckian,A_f1_cells,A,lamarckian,25,0.05993114113623804,200.0,1.2083333333333333,,
A_f1_cells__lamarckian__s26,A_f1_cells__lamarckian,A_f1_cells,A,lamarckian,26,0.05993114113623804,150.0,0.96,,
A_f1_cells__lamarckian__s27,A_f1_cells__lamarckian,A_f1_cells,A,lamarckian,27,0.05993114113623804,100.0,0.8,,
A_f1_cells__lamarckian__s28,A_f1_cells__lamarckian,A_f1_cells,A,lamarckian,28,0.05993114113623804,100.0,0.92,,
A_f1_cells__lamarckian__s29,A_f1_cells__lamarckian,A_f1_cells,A,lamarckian,29,0.05993114113623804,100.0,0.8,,
A_f1_cells__lamarckian__s30,A_f1_cells__lamarckian,A_f1_cells,A,lamarckian,30,0.05993114113623804,150.0,0.96,,
A_f1_move__baldwinian__s1,A_f1_move__baldwinian,A_f1_move,A,baldwinian,1,0.06759172986669647,200.0,0.98,,
A_f1_move__baldwinian__s2,A_f1_move__baldwinian,A_f1_move,A,baldwinian,2,0.06759172986669647,150.0,1.04,,
A_f1_move__baldwinian__s3,A_f1_move__baldwinian,A_f1_move,A,baldwinian,3,0.06759172986669647,350.0,1.56,,
A_f1_move__baldwinian__s4,A_f1_move__baldwinian,A_f1_move,A,baldwinian,4,0.06759172986669647,200.0,0.86,,
A_f1_move__baldwinian__s5,A_f1_move__baldwinian,A_f1_move,A,baldwinian,5,0.06759172986669647,450.0,1.4,,
A_f1_move__baldwinian__s6,A_f1_move__baldwinian,A_f1_move,A,baldwinian,6,0.06759172986669647,300.0,0.92,,
A_f1_move__baldwinian__s7,A_f1_move__baldwinian,A_f1_move,A,baldwinian,7,0.06759172986669647,150.0,1.0909090909090908,,
A_f1_move__baldwinian__s8,A_f1_move__baldwinian,A_f1_move,A,baldwinian,8,0.06759172986669647,50.0,0.78,,
A_f1_move__baldwinian__s9,A_f1_move__baldwinian,A_f1_move,A,baldwinian,9,0.06759172986669647,200.0,1.7608695652173914,,
A_f1_move__baldwinian__s10,A_f1_move__baldwinian,A_f1_move,A,baldwinian,10,0.06759172986669647,400.0,1.62,,
A_f1_move__baldwinian__s11,A_f1_move__baldwinian,A_f1_move,A,baldwinian,11,0.06759172986669647,400.0,1.1,,
A_f1_move__baldwinian__s12,A_f1_move__baldwinian,A_f1_move,A,baldwinian,12,0.06759172986669647,100.0,0.78,,
A_f1_move__baldwinian__s13,A_f1_move__baldwinian,A_f1_move,A,baldwinian,13,0.06759172986669647,100.0,0.8,,
A_f1_move__baldwinian__s14,A_f1_move__baldwinian,A_f1_move,A,baldwinian,14,0.06759172986669647,300.0,1.0,,
A_f1_move__baldwinian__s15,A_f1_move__baldwinian,A_f1_move,A,baldwinian,15,0.06759172986669647,200.0,1.46,,
A_f1_move__baldwinian__s16,A_f1_move__baldwinian,A_f1_move,A,baldwinian,16,0.06759172986669647,150.0,0.98,,
A_f1_move__baldwinian__s17,A_f1_move__baldwinian,A_f1_move,A,baldwinian,17,0.06759172986669647,400.0,0.76,,
A_f1_move__baldwinian__s18,A_f1_move__baldwinian,A_f1_move,A,baldwinian,18,0.06759172986669647,450.0,1.0,,
A_f1_move__baldwinian__s19,A_f1_move__baldwinian,A_f1_move,A,baldwinian,19,0.06759172986669647,200.0,1.1,,
A_f1_move__baldwinian__s20,A_f1_move__baldwinian,A_f1_move,A,baldwinian,20,0.06759172986669647,50.0,0.8,,
A_f1_move__baldwinian__s21,A_f1_move__baldwinian,A_f1_move,A,baldwinian,21,0.06759172986669647,250.0,0.86,,
A_f1_move__baldwinian__s22,A_f1_move__baldwinian,A_f1_move,A,baldwinian,22,0.06759172986669647,100.0,0.7,,
A_f1_move__baldwinian__s23,A_f1_move__baldwinian,A_f1_move,A,baldwinian,23,0.06759172986669647,150.0,0.78,,
A_f1_move__baldwinian__s24,A_f1_move__baldwinian,A_f1_move,A,baldwinian,24,0.06759172986669647,450.0,1.3,,
A_f1_move__baldwinian__s25,A_f1_move__baldwinian,A_f1_move,A,baldwinian,25,0.06759172986669647,350.0,0.9,,
A_f1_move__baldwinian__s26,A_f1_move__baldwinian,A_f1_move,A,baldwinian,26,0.06759172986669647,150.0,0.84,,
A_f1_move__baldwinian__s27,A_f1_move__baldwinian,A_f1_move,A,baldwinian,27,0.06759172986669647,300.0,0.66,,
A_f1_move__baldwinian__s28,A_f1_move__baldwinian,A_f1_move,A,baldwinian,28,0.06759172986669647,350.0,1.42,,
A_f1_move__baldwinian__s29,A_f1_move__baldwinian,A_f1_move,A,baldwinian,29,0.06759172986669647,400.0,1.5,,
A_f1_move__baldwinian__s30,A_f1_move__baldwinian,A_f1_move,A,baldwinian,30,0.06759172986669647,100.0,0.74,,
A_f1_move__lamarckian__s1,A_f1_move__lamarckian,A_f1_move,A,lamarckian,1,0.05993114113623804,150.0,0.86,,
A_f1_move__lamarckian__s2,A_f1_move__lamarckian,A_f1_move,A,lamarckian,2,0.05993114113623804,200.0,1.24,,
A_f1_move__lamarckian__s3,A_f1_move__lamarckian,A_f1_move,A,lamarckian,3,0.05993114113623804,200.0,1.1,,
A_f1_move__lamarckian__s4,A_f1_move__lamarckian,A_f1_move,A,lamarckian,4,0.05993114113623804,150.0,0.78,,
A_f1_move__lamarckian__s5,A_f1_move__lamarckian,A_f1_move,A,lamarckian,5,0.05993114113623804,300.0,1.08,,
A_f1_move__lamarckian__s6,A_f1_move__lamarckian,A_f1_move,A,lamarckian,6,0.05993114113623804,200.0,1.25,,
A_f1_move__lamarckian__s7,A_f1_move__lamarckian,A_f1_move,A,lamarckian,7,0.05993114113623804,200.0,0.8666666666666667,,
A_f1_move__lamarckian__s8,A_f1_move__lamarckian,A_f1_move,A,lamarckian,8,0.05993114113623804,100.0,0.96,,
A_f1_move__lamarckian__s9,A_f1_move__lamarckian,A_f1_move,A,lamarckian,9,0.05993114113623804,50.0,0.84,,
A_f1_move__lamarckian__s10,A_f1_move__lamarckian,A_f1_move,A,lamarckian,10,0.05993114113623804,150.0,1.12,,
A_f1_move__lamarckian__s11,A_f1_move__lamarckian,A_f1_move,A,lamarckian,11,0.05993114113623804,350.0,0.9,,
A_f1_move__lamarckian__s12,A_f1_move__lamarckian,A_f1_move,A,lamarckian,12,0.05993114113623804,50.0,0.86,,
A_f1_move__lamarckian__s13,A_f1_move__lamarckian,A_f1_move,A,lamarckian,13,0.05993114113623804,200.0,0.98,,
A_f1_move__lamarckian__s14,A_f1_move__lamarckian,A_f1_move,A,lamarckian,14,0.05993114113623804,100.0,0.8,,
A_f1_move__lamarckian__s15,A_f1_move__lamarckian,A_f1_move,A,lamarckian,15,0.05993114113623804,200.0,0.94,,
A_f1_move__lamarckian__s16,A_f1_move__lamarckian,A_f1_move,A,lamarckian,16,0.05993114113623804,100.0,0.88,,
A_f1_move__lamarckian__s17,A_f1_move__lamarckian,A_f1_move,A,lamarckian,17,0.05993114113623804,50.0,0.7,,
A_f1_move__lamarckian__s18,A_f1_move__lamarckian,A_f1_move,A,lamarckian,18,0.05993114113623804,150.0,0.88,,
A_f1_move__lamarckian__s19,A_f1_move__lamarckian,A_f1_move,A,lamarckian,19,0.05993114113623804,350.0,1.04,,
A_f1_move__lamarckian__s20,A_f1_move__lamarckian,A_f1_move,A,lamarckian,20,0.05993114113623804,50.0,0.8,,
A_f1_move__lamarckian__s21,A_f1_move__lamarckian,A_f1_move,A,lamarckian,21,0.05993114113623804,100.0,1.1041666666666667,,
A_f1_move__lamarckian__s22,A_f1_move__lamarckian,A_f1_move,A,lamarckian,22,0.05993114113623804,250.0,0.84,,
A_f1_move__lamarckian__s23,A_f1_move__lamarckian,A_f1_move,A,lamarckian,23,0.05993114113623804,200.0,1.0,,
A_f1_move__lamarckian__s24,A_f1_move__lamarckian,A_f1_move,A,lamarckian,24,0.05993114113623804,50.0,0.8,,
A_f1_move__lamarckian__s25,A_f1_move__lamarckian,A_f1_move,A,lamarckian,25,0.05993114113623804,150.0,1.1363636363636365,,
A_f1_move__lamarckian__s26,A_f1_move__lamarckian,A_f1_move,A,lamarckian,26,0.05993114113623804,50.0,0.84,,
A_f1_move__lamarckian__s27,A_f1_move__lamarckian,A_f1_move,A,lamarckian,27,0.05993114113623804,300.0,0.78,,
A_f1_move__lamarckian__s28,A_f1_move__lamarckian,A_f1_move,A,lamarckian,28,0.05993114113623804,150.0,1.2,,
A_f1_move__lamarckian__s29,A_f1_move__lamarckian,A_f1_move,A,lamarckian,29,0.05993114113623804,150.0,0.96,,
A_f1_move__lamarckian__s30,A_f1_move__lamarckian,A_f1_move,A,lamarckian,30,0.05993114113623804,150.0,0.94,,
C1__baldwinian__s1,C1__baldwinian,C1,C1,baldwinian,1,0.06759172986669647,,,,
C1__baldwinian__s2,C1__baldwinian,C1,C1,baldwinian,2,0.06759172986669647,,,,
C1__baldwinian__s3,C1__baldwinian,C1,C1,baldwinian,3,0.06759172986669647,,,,
C1__baldwinian__s4,C1__baldwinian,C1,C1,baldwinian,4,0.06759172986669647,,,,
C1__baldwinian__s5,C1__baldwinian,C1,C1,baldwinian,5,0.06759172986669647,,,,
C1__baldwinian__s6,C1__baldwinian,C1,C1,baldwinian,6,0.06759172986669647,,,,
C1__baldwinian__s7,C1__baldwinian,C1,C1,baldwinian,7,0.06759172986669647,,,,
C1__baldwinian__s8,C1__baldwinian,C1,C1,baldwinian,8,0.06759172986669647,,,,
C1__baldwinian__s9,C1__baldwinian,C1,C1,baldwinian,9,0.06759172986669647,,,,
C1__baldwinian__s10,C1__baldwinian,C1,C1,baldwinian,10,0.06759172986669647,,,,
C1__baldwinian__s11,C1__baldwinian,C1,C1,baldwinian,11,0.06759172986669647,,,,
C1__baldwinian__s12,C1__baldwinian,C1,C1,baldwinian,12,0.06759172986669647,,,,
C1__baldwinian__s13,C1__baldwinian,C1,C1,baldwinian,13,0.06759172986669647,,,,
C1__baldwinian__s14,C1__baldwinian,C1,C1,baldwinian,14,0.06759172986669647,,,,
C1__baldwinian__s15,C1__baldwinian,C1,C1,baldwinian,15,0.06759172986669647,,,,
C1__baldwinian__s16,C1__baldwinian,C1,C1,baldwinian,16,0.06759172986669647,,,,
C1__baldwinian__s17,C1__baldwinian,C1,C1,baldwinian,17,0.06759172986669647,,,,
C1__baldwinian__s18,C1__baldwinian,C1,C1,baldwinian,18,0.06759172986669647,,,,
C1__baldwinian__s19,C1__baldwinian,C1,C1,baldwinian,19,0.06759172986669647,,,,
C1__baldwinian__s20,C1__baldwinian,C1,C1,baldwinian,20,0.06759172986669647,,,,
C1__baldwinian__s21,C1__baldwinian,C1,C1,baldwinian,21,0.06759172986669647,,,,
C1__baldwinian__s22,C1__baldwinian,C1,C1,baldwinian,22,0.06759172986669647,,,,
C1__baldwinian__s23,C1__baldwinian,C1,C1,baldwinian,23,0.06759172986669647,,,,
C1__baldwinian__s24,C1__baldwinian,C1,C1,baldwinian,24,0.06759172986669647,,,,
C1__baldwinian__s25,C1__baldwinian,C1,C1,baldwinian,25,0.06759172986669647,,,,
C1__baldwinian__s26,C1__baldwinian,C1,C1,baldwinian,26,0.06759172986669647,,,,
C1__baldwinian__s27,C1__baldwinian,C1,C1,baldwinian,27,0.06759172986669647,,,,
C1__baldwinian__s28,C1__baldwinian,C1,C1,baldwinian,28,0.06759172986669647,,,,
C1__baldwinian__s29,C1__baldwinian,C1,C1,baldwinian,29,0.06759172986669647,,,,
C1__baldwinian__s30,C1__baldwinian,C1,C1,baldwinian,30,0.06759172986669647,,,,
C1__lamarckian__s1,C1__lamarckian,C1,C1,lamarckian,1,0.05993114113623804,,,,
C1__lamarckian__s2,C1__lamarckian,C1,C1,lamarckian,2,0.05993114113623804,,,,
C1__lamarckian__s3,C1__lamarckian,C1,C1,lamarckian,3,0.05993114113623804,,,,
C1__lamarckian__s4,C1__lamarckian,C1,C1,lamarckian,4,0.05993114113623804,,,,
C1__lamarckian__s5,C1__lamarckian,C1,C1,lamarckian,5,0.05993114113623804,,,,
C1__lamarckian__s6,C1__lamarckian,C1,C1,lamarckian,6,0.05993114113623804,,,,
C1__lamarckian__s7,C1__lamarckian,C1,C1,lamarckian,7,0.05993114113623804,,,,
C1__lamarckian__s8,C1__lamarckian,C1,C1,lamarckian,8,0.05993114113623804,,,,
C1__lamarckian__s9,C1__lamarckian,C1,C1,lamarckian,9,0.05993114113623804,,,,
C1__lamarckian__s10,C1__lamarckian,C1,C1,lamarckian,10,0.05993114113623804,,,,
C1__lamarckian__s11,C1__lamarckian,C1,C1,lamarckian,11,0.05993114113623804,,,,
C1__lamarckian__s12,C1__lamarckian,C1,C1,lamarckian,12,0.05993114113623804,,,,
C1__lamarckian__s13,C1__lamarckian,C1,C1,lamarckian,13,0.05993114113623804,,,,
C1__lamarckian__s14,C1__lamarckian,C1,C1,lamarckian,14,0.05993114113623804,,,,
C1__lamarckian__s15,C1__lamarckian,C1,C1,lamarckian,15,0.05993114113623804,,,,
C1__lamarckian__s16,C1__lamarckian,C1,C1,lamarckian,16,0.05993114113623804,,,,
C1__lamarckian__s17,C1__lamarckian,C1,C1,lamarckian,17,0.05993114113623804,,,,
C1__lamarckian__s18,C1__lamarckian,C1,C1,lamarckian,18,0.05993114113623804,,,,
C1__lamarckian__s19,C1__lamarckian,C1,C1,lamarckian,19,0.05993114113623804,,,,
C1__lamarckian__s20,C1__lamarckian,C1,C1,lamarckian,20,0.05993114113623804,,,,
C1__lamarckian__s21,C1__lamarckian,C1,C1,lamarckian,21,0.05993114113623804,,,,
C1__lamarckian__s22,C1__lamarckian,C1,C1,lamarckian,22,0.05993114113623804,,,,
C1__lamarckian__s23,C1__lamarckian,C1,C1,lamarckian,23,0.05993114113623804,,,,
C1__lamarckian__s24,C1__lamarckian,C1,C1,lamarckian,24,0.05993114113623804,,,,
C1__lamarckian__s25,C1__lamarckian,C1,C1,lamarckian,25,0.05993114113623804,,,,
C1__lamarckian__s26,C1__lamarckian,C1,C1,lamarckian,26,0.05993114113623804,,,,
C1__lamarckian__s27,C1__lamarckian,C1,C1,lamarckian,27,0.05993114113623804,,,,
C1__lamarckian__s28,C1__lamarckian,C1,C1,lamarckian,28,0.05993114113623804,,,,
C1__lamarckian__s29,C1__lamarckian,C1,C1,lamarckian,29,0.05993114113623804,,,,
C1__lamarckian__s30,C1__lamarckian,C1,C1,lamarckian,30,0.05993114113623804,,,,
C2__baldwinian__s1,C2__baldwinian,C2,C2,baldwinian,1,0.06759172986669647,150.0,0.82,,
C2__baldwinian__s2,C2__baldwinian,C2,C2,baldwinian,2,0.06759172986669647,100.0,0.9,,
C2__baldwinian__s3,C2__baldwinian,C2,C2,baldwinian,3,0.06759172986669647,400.0,0.9,,
C2__baldwinian__s4,C2__baldwinian,C2,C2,baldwinian,4,0.06759172986669647,450.0,1.98,,
C2__baldwinian__s5,C2__baldwinian,C2,C2,baldwinian,5,0.06759172986669647,150.0,0.88,,
C2__baldwinian__s6,C2__baldwinian,C2,C2,baldwinian,6,0.06759172986669647,850.0,1.9,,
C2__baldwinian__s7,C2__baldwinian,C2,C2,baldwinian,7,0.06759172986669647,100.0,0.8974358974358975,,
C2__baldwinian__s8,C2__baldwinian,C2,C2,baldwinian,8,0.06759172986669647,300.0,0.9,,
C2__baldwinian__s9,C2__baldwinian,C2,C2,baldwinian,9,0.06759172986669647,250.0,1.14,,
C2__baldwinian__s10,C2__baldwinian,C2,C2,baldwinian,10,0.06759172986669647,150.0,1.02,,
C2__baldwinian__s11,C2__baldwinian,C2,C2,baldwinian,11,0.06759172986669647,50.0,0.72,,
C2__baldwinian__s12,C2__baldwinian,C2,C2,baldwinian,12,0.06759172986669647,50.0,0.64,,
C2__baldwinian__s13,C2__baldwinian,C2,C2,baldwinian,13,0.06759172986669647,100.0,0.76,,
C2__baldwinian__s14,C2__baldwinian,C2,C2,baldwinian,14,0.06759172986669647,250.0,1.02,,
C2__baldwinian__s15,C2__baldwinian,C2,C2,baldwinian,15,0.06759172986669647,200.0,1.4,,
C2__baldwinian__s16,C2__baldwinian,C2,C2,baldwinian,16,0.06759172986669647,50.0,0.84,,
C2__baldwinian__s17,C2__baldwinian,C2,C2,baldwinian,17,0.06759172986669647,250.0,0.82,,
C2__baldwinian__s18,C2__baldwinian,C2,C2,baldwinian,18,0.06759172986669647,300.0,0.74,,
C2__baldwinian__s19,C2__baldwinian,C2,C2,baldwinian,19,0.06759172986669647,200.0,1.3111111111111111,,
C2__baldwinian__s20,C2__baldwinian,C2,C2,baldwinian,20,0.06759172986669647,300.0,1.02,,
C2__baldwinian__s21,C2__baldwinian,C2,C2,baldwinian,21,0.06759172986669647,200.0,0.88,,
C2__baldwinian__s22,C2__baldwinian,C2,C2,baldwinian,22,0.06759172986669647,300.0,0.74,,
C2__baldwinian__s23,C2__baldwinian,C2,C2,baldwinian,23,0.06759172986669647,200.0,1.1224489795918366,,
C2__baldwinian__s24,C2__baldwinian,C2,C2,baldwinian,24,0.06759172986669647,200.0,0.92,,
C2__baldwinian__s25,C2__baldwinian,C2,C2,baldwinian,25,0.06759172986669647,150.0,0.88,,
C2__baldwinian__s26,C2__baldwinian,C2,C2,baldwinian,26,0.06759172986669647,450.0,1.12,,
C2__baldwinian__s27,C2__baldwinian,C2,C2,baldwinian,27,0.06759172986669647,400.0,0.88,,
C2__baldwinian__s28,C2__baldwinian,C2,C2,baldwinian,28,0.06759172986669647,150.0,1.0,,
C2__baldwinian__s29,C2__baldwinian,C2,C2,baldwinian,29,0.06759172986669647,200.0,0.88,,
C2__baldwinian__s30,C2__baldwinian,C2,C2,baldwinian,30,0.06759172986669647,250.0,0.78,,
C2__lamarckian__s1,C2__lamarckian,C2,C2,lamarckian,1,0.05993114113623804,200.0,1.3617021276595744,,
C2__lamarckian__s2,C2__lamarckian,C2,C2,lamarckian,2,0.05993114113623804,150.0,0.8936170212765957,,
C2__lamarckian__s3,C2__lamarckian,C2,C2,lamarckian,3,0.05993114113623804,150.0,1.0,,
C2__lamarckian__s4,C2__lamarckian,C2,C2,lamarckian,4,0.05993114113623804,150.0,0.84,,
C2__lamarckian__s5,C2__lamarckian,C2,C2,lamarckian,5,0.05993114113623804,150.0,1.2,,
C2__lamarckian__s6,C2__lamarckian,C2,C2,lamarckian,6,0.05993114113623804,50.0,0.92,,
C2__lamarckian__s7,C2__lamarckian,C2,C2,lamarckian,7,0.05993114113623804,200.0,1.0,,
C2__lamarckian__s8,C2__lamarckian,C2,C2,lamarckian,8,0.05993114113623804,300.0,1.18,,
C2__lamarckian__s9,C2__lamarckian,C2,C2,lamarckian,9,0.05993114113623804,50.0,0.84,,
C2__lamarckian__s10,C2__lamarckian,C2,C2,lamarckian,10,0.05993114113623804,300.0,0.94,,
C2__lamarckian__s11,C2__lamarckian,C2,C2,lamarckian,11,0.05993114113623804,200.0,1.020408163265306,,
C2__lamarckian__s12,C2__lamarckian,C2,C2,lamarckian,12,0.05993114113623804,50.0,0.8,,
C2__lamarckian__s13,C2__lamarckian,C2,C2,lamarckian,13,0.05993114113623804,250.0,0.92,,
C2__lamarckian__s14,C2__lamarckian,C2,C2,lamarckian,14,0.05993114113623804,200.0,0.9,,
C2__lamarckian__s15,C2__lamarckian,C2,C2,lamarckian,15,0.05993114113623804,100.0,0.9,,
C2__lamarckian__s16,C2__lamarckian,C2,C2,lamarckian,16,0.05993114113623804,250.0,1.0,,
C2__lamarckian__s17,C2__lamarckian,C2,C2,lamarckian,17,0.05993114113623804,250.0,0.86,,
C2__lamarckian__s18,C2__lamarckian,C2,C2,lamarckian,18,0.05993114113623804,50.0,0.76,,
C2__lamarckian__s19,C2__lamarckian,C2,C2,lamarckian,19,0.05993114113623804,300.0,1.0,,
C2__lamarckian__s20,C2__lamarckian,C2,C2,lamarckian,20,0.05993114113623804,150.0,1.0769230769230769,,
C2__lamarckian__s21,C2__lamarckian,C2,C2,lamarckian,21,0.05993114113623804,150.0,1.2,,
C2__lamarckian__s22,C2__lamarckian,C2,C2,lamarckian,22,0.05993114113623804,300.0,0.78,,
C2__lamarckian__s23,C2__lamarckian,C2,C2,lamarckian,23,0.05993114113623804,50.0,0.88,,
C2__lamarckian__s24,C2__lamarckian,C2,C2,lamarckian,24,0.05993114113623804,150.0,0.84,,
C2__lamarckian__s25,C2__lamarckian,C2,C2,lamarckian,25,0.05993114113623804,350.0,1.08,,
C2__lamarckian__s26,C2__lamarckian,C2,C2,lamarckian,26,0.05993114113623804,300.0,0.92,,
C2__lamarckian__s27,C2__lamarckian,C2,C2,lamarckian,27,0.05993114113623804,250.0,0.78,,
C2__lamarckian__s28,C2__lamarckian,C2,C2,lamarckian,28,0.05993114113623804,100.0,0.78,,
C2__lamarckian__s29,C2__lamarckian,C2,C2,lamarckian,29,0.05993114113623804,100.0,0.88,,
C2__lamarckian__s30,C2__lamarckian,C2,C2,lamarckian,30,0.05993114113623804,200.0,0.94,,
C3_f0.7__baldwinian__s1,C3_f0.7__baldwinian,C3_f0.7,C3,baldwinian,1,0.06759172986669647,150.0,0.86,,
C3_f0.7__baldwinian__s2,C3_f0.7__baldwinian,C3_f0.7,C3,baldwinian,2,0.06759172986669647,,,,
C3_f0.7__baldwinian__s3,C3_f0.7__baldwinian,C3_f0.7,C3,baldwinian,3,0.06759172986669647,750.0,3.36,,
C3_f0.7__baldwinian__s4,C3_f0.7__baldwinian,C3_f0.7,C3,baldwinian,4,0.06759172986669647,550.0,1.6,,
C3_f0.7__baldwinian__s5,C3_f0.7__baldwinian,C3_f0.7,C3,baldwinian,5,0.06759172986669647,150.0,0.88,,
C3_f0.7__baldwinian__s6,C3_f0.7__baldwinian,C3_f0.7,C3,baldwinian,6,0.06759172986669647,250.0,1.04,,
C3_f0.7__baldwinian__s7,C3_f0.7__baldwinian,C3_f0.7,C3,baldwinian,7,0.06759172986669647,550.0,2.232558139534884,,
C3_f0.7__baldwinian__s8,C3_f0.7__baldwinian,C3_f0.7,C3,baldwinian,8,0.06759172986669647,1100.0,3.9,,
C3_f0.7__baldwinian__s9,C3_f0.7__baldwinian,C3_f0.7,C3,baldwinian,9,0.06759172986669647,50.0,0.74,,
C3_f0.7__baldwinian__s10,C3_f0.7__baldwinian,C3_f0.7,C3,baldwinian,10,0.06759172986669647,500.0,1.32,,
C3_f0.7__baldwinian__s11,C3_f0.7__baldwinian,C3_f0.7,C3,baldwinian,11,0.06759172986669647,500.0,1.3877551020408163,,
C3_f0.7__baldwinian__s12,C3_f0.7__baldwinian,C3_f0.7,C3,baldwinian,12,0.06759172986669647,500.0,1.2272727272727273,,
C3_f0.7__baldwinian__s13,C3_f0.7__baldwinian,C3_f0.7,C3,baldwinian,13,0.06759172986669647,300.0,0.82,,
C3_f0.7__baldwinian__s14,C3_f0.7__baldwinian,C3_f0.7,C3,baldwinian,14,0.06759172986669647,,,,
C3_f0.7__baldwinian__s15,C3_f0.7__baldwinian,C3_f0.7,C3,baldwinian,15,0.06759172986669647,150.0,1.14,,
C3_f0.7__baldwinian__s16,C3_f0.7__baldwinian,C3_f0.7,C3,baldwinian,16,0.06759172986669647,100.0,0.84,,
C3_f0.7__baldwinian__s17,C3_f0.7__baldwinian,C3_f0.7,C3,baldwinian,17,0.06759172986669647,200.0,0.84,,
C3_f0.7__baldwinian__s18,C3_f0.7__baldwinian,C3_f0.7,C3,baldwinian,18,0.06759172986669647,400.0,1.62,,
C3_f0.7__baldwinian__s19,C3_f0.7__baldwinian,C3_f0.7,C3,baldwinian,19,0.06759172986669647,350.0,1.16,,
C3_f0.7__baldwinian__s20,C3_f0.7__baldwinian,C3_f0.7,C3,baldwinian,20,0.06759172986669647,,,,
C3_f0.7__baldwinian__s21,C3_f0.7__baldwinian,C3_f0.7,C3,baldwinian,21,0.06759172986669647,600.0,1.68,,
C3_f0.7__baldwinian__s22,C3_f0.7__baldwinian,C3_f0.7,C3,baldwinian,22,0.06759172986669647,450.0,1.16,,
C3_f0.7__baldwinian__s23,C3_f0.7__baldwinian,C3_f0.7,C3,baldwinian,23,0.06759172986669647,800.0,3.125,,
C3_f0.7__baldwinian__s24,C3_f0.7__baldwinian,C3_f0.7,C3,baldwinian,24,0.06759172986669647,,,,
C3_f0.7__baldwinian__s25,C3_f0.7__baldwinian,C3_f0.7,C3,baldwinian,25,0.06759172986669647,1100.0,3.48,,
C3_f0.7__baldwinian__s26,C3_f0.7__baldwinian,C3_f0.7,C3,baldwinian,26,0.06759172986669647,500.0,1.2340425531914894,,
C3_f0.7__baldwinian__s27,C3_f0.7__baldwinian,C3_f0.7,C3,baldwinian,27,0.06759172986669647,600.0,2.02,,
C3_f0.7__baldwinian__s28,C3_f0.7__baldwinian,C3_f0.7,C3,baldwinian,28,0.06759172986669647,,,,
C3_f0.7__baldwinian__s29,C3_f0.7__baldwinian,C3_f0.7,C3,baldwinian,29,0.06759172986669647,1100.0,3.32,,
C3_f0.7__baldwinian__s30,C3_f0.7__baldwinian,C3_f0.7,C3,baldwinian,30,0.06759172986669647,750.0,1.96,,
C3_f0.7__lamarckian__s1,C3_f0.7__lamarckian,C3_f0.7,C3,lamarckian,1,0.05993114113623804,250.0,0.88,,
C3_f0.7__lamarckian__s2,C3_f0.7__lamarckian,C3_f0.7,C3,lamarckian,2,0.05993114113623804,200.0,1.2790697674418603,,
C3_f0.7__lamarckian__s3,C3_f0.7__lamarckian,C3_f0.7,C3,lamarckian,3,0.05993114113623804,600.0,2.26,,
C3_f0.7__lamarckian__s4,C3_f0.7__lamarckian,C3_f0.7,C3,lamarckian,4,0.05993114113623804,100.0,0.8163265306122449,,
C3_f0.7__lamarckian__s5,C3_f0.7__lamarckian,C3_f0.7,C3,lamarckian,5,0.05993114113623804,100.0,0.78,,
C3_f0.7__lamarckian__s6,C3_f0.7__lamarckian,C3_f0.7,C3,lamarckian,6,0.05993114113623804,200.0,1.06,,
C3_f0.7__lamarckian__s7,C3_f0.7__lamarckian,C3_f0.7,C3,lamarckian,7,0.05993114113623804,150.0,1.0425531914893618,,
C3_f0.7__lamarckian__s8,C3_f0.7__lamarckian,C3_f0.7,C3,lamarckian,8,0.05993114113623804,650.0,1.94,,
C3_f0.7__lamarckian__s9,C3_f0.7__lamarckian,C3_f0.7,C3,lamarckian,9,0.05993114113623804,50.0,0.88,,
C3_f0.7__lamarckian__s10,C3_f0.7__lamarckian,C3_f0.7,C3,lamarckian,10,0.05993114113623804,150.0,0.96,,
C3_f0.7__lamarckian__s11,C3_f0.7__lamarckian,C3_f0.7,C3,lamarckian,11,0.05993114113623804,300.0,1.08,,
C3_f0.7__lamarckian__s12,C3_f0.7__lamarckian,C3_f0.7,C3,lamarckian,12,0.05993114113623804,100.0,0.86,,
C3_f0.7__lamarckian__s13,C3_f0.7__lamarckian,C3_f0.7,C3,lamarckian,13,0.05993114113623804,750.0,1.8,,
C3_f0.7__lamarckian__s14,C3_f0.7__lamarckian,C3_f0.7,C3,lamarckian,14,0.05993114113623804,450.0,1.0,,
C3_f0.7__lamarckian__s15,C3_f0.7__lamarckian,C3_f0.7,C3,lamarckian,15,0.05993114113623804,500.0,1.32,,
C3_f0.7__lamarckian__s16,C3_f0.7__lamarckian,C3_f0.7,C3,lamarckian,16,0.05993114113623804,450.0,0.98,,
C3_f0.7__lamarckian__s17,C3_f0.7__lamarckian,C3_f0.7,C3,lamarckian,17,0.05993114113623804,450.0,1.28,,
C3_f0.7__lamarckian__s18,C3_f0.7__lamarckian,C3_f0.7,C3,lamarckian,18,0.05993114113623804,50.0,0.84,,
C3_f0.7__lamarckian__s19,C3_f0.7__lamarckian,C3_f0.7,C3,lamarckian,19,0.05993114113623804,300.0,0.98,,
C3_f0.7__lamarckian__s20,C3_f0.7__lamarckian,C3_f0.7,C3,lamarckian,20,0.05993114113623804,350.0,1.48,,
C3_f0.7__lamarckian__s21,C3_f0.7__lamarckian,C3_f0.7,C3,lamarckian,21,0.05993114113623804,600.0,1.8,,
C3_f0.7__lamarckian__s22,C3_f0.7__lamarckian,C3_f0.7,C3,lamarckian,22,0.05993114113623804,200.0,1.1,,
C3_f0.7__lamarckian__s23,C3_f0.7__lamarckian,C3_f0.7,C3,lamarckian,23,0.05993114113623804,550.0,1.82,,
C3_f0.7__lamarckian__s24,C3_f0.7__lamarckian,C3_f0.7,C3,lamarckian,24,0.05993114113623804,400.0,1.0,,
C3_f0.7__lamarckian__s25,C3_f0.7__lamarckian,C3_f0.7,C3,lamarckian,25,0.05993114113623804,250.0,1.42,,
C3_f0.7__lamarckian__s26,C3_f0.7__lamarckian,C3_f0.7,C3,lamarckian,26,0.05993114113623804,250.0,0.9,,
C3_f0.7__lamarckian__s27,C3_f0.7__lamarckian,C3_f0.7,C3,lamarckian,27,0.05993114113623804,300.0,1.7551020408163265,,
C3_f0.7__lamarckian__s28,C3_f0.7__lamarckian,C3_f0.7,C3,lamarckian,28,0.05993114113623804,200.0,0.88,,
C3_f0.7__lamarckian__s29,C3_f0.7__lamarckian,C3_f0.7,C3,lamarckian,29,0.05993114113623804,400.0,0.76,,
C3_f0.7__lamarckian__s30,C3_f0.7__lamarckian,C3_f0.7,C3,lamarckian,30,0.05993114113623804,300.0,1.14,,
C3_f0.9__baldwinian__s1,C3_f0.9__baldwinian,C3_f0.9,C3,baldwinian,1,0.06759172986669647,150.0,0.84,,
C3_f0.9__baldwinian__s2,C3_f0.9__baldwinian,C3_f0.9,C3,baldwinian,2,0.06759172986669647,700.0,1.82,,
C3_f0.9__baldwinian__s3,C3_f0.9__baldwinian,C3_f0.9,C3,baldwinian,3,0.06759172986669647,50.0,0.86,,
C3_f0.9__baldwinian__s4,C3_f0.9__baldwinian,C3_f0.9,C3,baldwinian,4,0.06759172986669647,100.0,0.8085106382978723,,
C3_f0.9__baldwinian__s5,C3_f0.9__baldwinian,C3_f0.9,C3,baldwinian,5,0.06759172986669647,300.0,1.06,,
C3_f0.9__baldwinian__s6,C3_f0.9__baldwinian,C3_f0.9,C3,baldwinian,6,0.06759172986669647,350.0,0.9,,
C3_f0.9__baldwinian__s7,C3_f0.9__baldwinian,C3_f0.9,C3,baldwinian,7,0.06759172986669647,300.0,1.12,,
C3_f0.9__baldwinian__s8,C3_f0.9__baldwinian,C3_f0.9,C3,baldwinian,8,0.06759172986669647,200.0,0.96,,
C3_f0.9__baldwinian__s9,C3_f0.9__baldwinian,C3_f0.9,C3,baldwinian,9,0.06759172986669647,100.0,0.8979591836734694,,
C3_f0.9__baldwinian__s10,C3_f0.9__baldwinian,C3_f0.9,C3,baldwinian,10,0.06759172986669647,750.0,2.04,,
C3_f0.9__baldwinian__s11,C3_f0.9__baldwinian,C3_f0.9,C3,baldwinian,11,0.06759172986669647,450.0,0.78,,
C3_f0.9__baldwinian__s12,C3_f0.9__baldwinian,C3_f0.9,C3,baldwinian,12,0.06759172986669647,50.0,0.74,,
C3_f0.9__baldwinian__s13,C3_f0.9__baldwinian,C3_f0.9,C3,baldwinian,13,0.06759172986669647,100.0,0.76,,
C3_f0.9__baldwinian__s14,C3_f0.9__baldwinian,C3_f0.9,C3,baldwinian,14,0.06759172986669647,450.0,1.0,,
C3_f0.9__baldwinian__s15,C3_f0.9__baldwinian,C3_f0.9,C3,baldwinian,15,0.06759172986669647,100.0,0.86,,
C3_f0.9__baldwinian__s16,C3_f0.9__baldwinian,C3_f0.9,C3,baldwinian,16,0.06759172986669647,100.0,0.9791666666666666,,
C3_f0.9__baldwinian__s17,C3_f0.9__baldwinian,C3_f0.9,C3,baldwinian,17,0.06759172986669647,400.0,1.16,,
C3_f0.9__baldwinian__s18,C3_f0.9__baldwinian,C3_f0.9,C3,baldwinian,18,0.06759172986669647,700.0,2.98,,
C3_f0.9__baldwinian__s19,C3_f0.9__baldwinian,C3_f0.9,C3,baldwinian,19,0.06759172986669647,550.0,1.74,,
C3_f0.9__baldwinian__s20,C3_f0.9__baldwinian,C3_f0.9,C3,baldwinian,20,0.06759172986669647,200.0,1.108695652173913,,
C3_f0.9__baldwinian__s21,C3_f0.9__baldwinian,C3_f0.9,C3,baldwinian,21,0.06759172986669647,50.0,0.72,,
C3_f0.9__baldwinian__s22,C3_f0.9__baldwinian,C3_f0.9,C3,baldwinian,22,0.06759172986669647,250.0,0.82,,
C3_f0.9__baldwinian__s23,C3_f0.9__baldwinian,C3_f0.9,C3,baldwinian,23,0.06759172986669647,800.0,2.08,,
C3_f0.9__baldwinian__s24,C3_f0.9__baldwinian,C3_f0.9,C3,baldwinian,24,0.06759172986669647,150.0,0.96,,
C3_f0.9__baldwinian__s25,C3_f0.9__baldwinian,C3_f0.9,C3,baldwinian,25,0.06759172986669647,200.0,1.04,,
C3_f0.9__baldwinian__s26,C3_f0.9__baldwinian,C3_f0.9,C3,baldwinian,26,0.06759172986669647,150.0,0.7,,
C3_f0.9__baldwinian__s27,C3_f0.9__baldwinian,C3_f0.9,C3,baldwinian,27,0.06759172986669647,100.0,0.86,,
C3_f0.9__baldwinian__s28,C3_f0.9__baldwinian,C3_f0.9,C3,baldwinian,28,0.06759172986669647,100.0,0.7,,
C3_f0.9__baldwinian__s29,C3_f0.9__baldwinian,C3_f0.9,C3,baldwinian,29,0.06759172986669647,250.0,1.0,,
C3_f0.9__baldwinian__s30,C3_f0.9__baldwinian,C3_f0.9,C3,baldwinian,30,0.06759172986669647,1100.0,3.18,,
C3_f0.9__lamarckian__s1,C3_f0.9__lamarckian,C3_f0.9,C3,lamarckian,1,0.05993114113623804,50.0,0.68,,
C3_f0.9__lamarckian__s2,C3_f0.9__lamarckian,C3_f0.9,C3,lamarckian,2,0.05993114113623804,100.0,0.8,,
C3_f0.9__lamarckian__s3,C3_f0.9__lamarckian,C3_f0.9,C3,lamarckian,3,0.05993114113623804,150.0,1.0,,
C3_f0.9__lamarckian__s4,C3_f0.9__lamarckian,C3_f0.9,C3,lamarckian,4,0.05993114113623804,150.0,0.94,,
C3_f0.9__lamarckian__s5,C3_f0.9__lamarckian,C3_f0.9,C3,lamarckian,5,0.05993114113623804,200.0,0.94,,
C3_f0.9__lamarckian__s6,C3_f0.9__lamarckian,C3_f0.9,C3,lamarckian,6,0.05993114113623804,350.0,0.88,,
C3_f0.9__lamarckian__s7,C3_f0.9__lamarckian,C3_f0.9,C3,lamarckian,7,0.05993114113623804,200.0,1.42,,
C3_f0.9__lamarckian__s8,C3_f0.9__lamarckian,C3_f0.9,C3,lamarckian,8,0.05993114113623804,150.0,0.92,,
C3_f0.9__lamarckian__s9,C3_f0.9__lamarckian,C3_f0.9,C3,lamarckian,9,0.05993114113623804,50.0,0.9,,
C3_f0.9__lamarckian__s10,C3_f0.9__lamarckian,C3_f0.9,C3,lamarckian,10,0.05993114113623804,350.0,0.9,,
C3_f0.9__lamarckian__s11,C3_f0.9__lamarckian,C3_f0.9,C3,lamarckian,11,0.05993114113623804,100.0,0.9,,
C3_f0.9__lamarckian__s12,C3_f0.9__lamarckian,C3_f0.9,C3,lamarckian,12,0.05993114113623804,150.0,0.74,,
C3_f0.9__lamarckian__s13,C3_f0.9__lamarckian,C3_f0.9,C3,lamarckian,13,0.05993114113623804,200.0,0.94,,
C3_f0.9__lamarckian__s14,C3_f0.9__lamarckian,C3_f0.9,C3,lamarckian,14,0.05993114113623804,350.0,1.32,,
C3_f0.9__lamarckian__s15,C3_f0.9__lamarckian,C3_f0.9,C3,lamarckian,15,0.05993114113623804,100.0,0.8205128205128205,,
C3_f0.9__lamarckian__s16,C3_f0.9__lamarckian,C3_f0.9,C3,lamarckian,16,0.05993114113623804,200.0,1.46,,
C3_f0.9__lamarckian__s17,C3_f0.9__lamarckian,C3_f0.9,C3,lamarckian,17,0.05993114113623804,250.0,0.92,,
C3_f0.9__lamarckian__s18,C3_f0.9__lamarckian,C3_f0.9,C3,lamarckian,18,0.05993114113623804,150.0,0.8536585365853658,,
C3_f0.9__lamarckian__s19,C3_f0.9__lamarckian,C3_f0.9,C3,lamarckian,19,0.05993114113623804,200.0,1.36,,
C3_f0.9__lamarckian__s20,C3_f0.9__lamarckian,C3_f0.9,C3,lamarckian,20,0.05993114113623804,350.0,1.02,,
C3_f0.9__lamarckian__s21,C3_f0.9__lamarckian,C3_f0.9,C3,lamarckian,21,0.05993114113623804,300.0,0.92,,
C3_f0.9__lamarckian__s22,C3_f0.9__lamarckian,C3_f0.9,C3,lamarckian,22,0.05993114113623804,100.0,0.88,,
C3_f0.9__lamarckian__s23,C3_f0.9__lamarckian,C3_f0.9,C3,lamarckian,23,0.05993114113623804,450.0,1.14,,
C3_f0.9__lamarckian__s24,C3_f0.9__lamarckian,C3_f0.9,C3,lamarckian,24,0.05993114113623804,100.0,0.76,,
C3_f0.9__lamarckian__s25,C3_f0.9__lamarckian,C3_f0.9,C3,lamarckian,25,0.05993114113623804,300.0,1.18,,
C3_f0.9__lamarckian__s26,C3_f0.9__lamarckian,C3_f0.9,C3,lamarckian,26,0.05993114113623804,100.0,1.02,,
C3_f0.9__lamarckian__s27,C3_f0.9__lamarckian,C3_f0.9,C3,lamarckian,27,0.05993114113623804,200.0,0.96,,
C3_f0.9__lamarckian__s28,C3_f0.9__lamarckian,C3_f0.9,C3,lamarckian,28,0.05993114113623804,100.0,1.24,,
C3_f0.9__lamarckian__s29,C3_f0.9__lamarckian,C3_f0.9,C3,lamarckian,29,0.05993114113623804,200.0,1.0238095238095235,,
C3_f0.9__lamarckian__s30,C3_f0.9__lamarckian,C3_f0.9,C3,lamarckian,30,0.05993114113623804,150.0,1.02,,
C4__baldwinian__s1,C4__baldwinian,C4,C4,baldwinian,1,0.06759172986669647,,,,
C4__baldwinian__s2,C4__baldwinian,C4,C4,baldwinian,2,0.06759172986669647,,,,
C4__baldwinian__s3,C4__baldwinian,C4,C4,baldwinian,3,0.06759172986669647,,,,
C4__baldwinian__s4,C4__baldwinian,C4,C4,baldwinian,4,0.06759172986669647,,,,
C4__baldwinian__s5,C4__baldwinian,C4,C4,baldwinian,5,0.06759172986669647,,,,
C4__baldwinian__s6,C4__baldwinian,C4,C4,baldwinian,6,0.06759172986669647,,,,
C4__baldwinian__s7,C4__baldwinian,C4,C4,baldwinian,7,0.06759172986669647,,,,
C4__baldwinian__s8,C4__baldwinian,C4,C4,baldwinian,8,0.06759172986669647,,,,
C4__baldwinian__s9,C4__baldwinian,C4,C4,baldwinian,9,0.06759172986669647,,,,
C4__baldwinian__s10,C4__baldwinian,C4,C4,baldwinian,10,0.06759172986669647,200.0,1.4,,
C4__baldwinian__s11,C4__baldwinian,C4,C4,baldwinian,11,0.06759172986669647,,,,
C4__baldwinian__s12,C4__baldwinian,C4,C4,baldwinian,12,0.06759172986669647,,,,
C4__baldwinian__s13,C4__baldwinian,C4,C4,baldwinian,13,0.06759172986669647,,,,
C4__baldwinian__s14,C4__baldwinian,C4,C4,baldwinian,14,0.06759172986669647,,,,
C4__baldwinian__s15,C4__baldwinian,C4,C4,baldwinian,15,0.06759172986669647,,,,
C4__baldwinian__s16,C4__baldwinian,C4,C4,baldwinian,16,0.06759172986669647,,,,
C4__baldwinian__s17,C4__baldwinian,C4,C4,baldwinian,17,0.06759172986669647,,,,
C4__baldwinian__s18,C4__baldwinian,C4,C4,baldwinian,18,0.06759172986669647,,,,
C4__baldwinian__s19,C4__baldwinian,C4,C4,baldwinian,19,0.06759172986669647,,,,
C4__baldwinian__s20,C4__baldwinian,C4,C4,baldwinian,20,0.06759172986669647,,,,
C4__baldwinian__s21,C4__baldwinian,C4,C4,baldwinian,21,0.06759172986669647,,,,
C4__baldwinian__s22,C4__baldwinian,C4,C4,baldwinian,22,0.06759172986669647,,,,
C4__baldwinian__s23,C4__baldwinian,C4,C4,baldwinian,23,0.06759172986669647,,,,
C4__baldwinian__s24,C4__baldwinian,C4,C4,baldwinian,24,0.06759172986669647,,,,
C4__baldwinian__s25,C4__baldwinian,C4,C4,baldwinian,25,0.06759172986669647,,,,
C4__baldwinian__s26,C4__baldwinian,C4,C4,baldwinian,26,0.06759172986669647,,,,
C4__baldwinian__s27,C4__baldwinian,C4,C4,baldwinian,27,0.06759172986669647,,,,
C4__baldwinian__s28,C4__baldwinian,C4,C4,baldwinian,28,0.06759172986669647,,,,
C4__baldwinian__s29,C4__baldwinian,C4,C4,baldwinian,29,0.06759172986669647,,,,
C4__baldwinian__s30,C4__baldwinian,C4,C4,baldwinian,30,0.06759172986669647,,,,
C4__lamarckian__s1,C4__lamarckian,C4,C4,lamarckian,1,0.05993114113623804,,,,
C4__lamarckian__s2,C4__lamarckian,C4,C4,lamarckian,2,0.05993114113623804,1050.0,3.2,,
C4__lamarckian__s3,C4__lamarckian,C4,C4,lamarckian,3,0.05993114113623804,,,,
C4__lamarckian__s4,C4__lamarckian,C4,C4,lamarckian,4,0.05993114113623804,,,,
C4__lamarckian__s5,C4__lamarckian,C4,C4,lamarckian,5,0.05993114113623804,,,,
C4__lamarckian__s6,C4__lamarckian,C4,C4,lamarckian,6,0.05993114113623804,,,,
C4__lamarckian__s7,C4__lamarckian,C4,C4,lamarckian,7,0.05993114113623804,,,,
C4__lamarckian__s8,C4__lamarckian,C4,C4,lamarckian,8,0.05993114113623804,,,,
C4__lamarckian__s9,C4__lamarckian,C4,C4,lamarckian,9,0.05993114113623804,800.0,1.96,,
C4__lamarckian__s10,C4__lamarckian,C4,C4,lamarckian,10,0.05993114113623804,,,,
C4__lamarckian__s11,C4__lamarckian,C4,C4,lamarckian,11,0.05993114113623804,,,,
C4__lamarckian__s12,C4__lamarckian,C4,C4,lamarckian,12,0.05993114113623804,,,,
C4__lamarckian__s13,C4__lamarckian,C4,C4,lamarckian,13,0.05993114113623804,,,,
C4__lamarckian__s14,C4__lamarckian,C4,C4,lamarckian,14,0.05993114113623804,,,,
C4__lamarckian__s15,C4__lamarckian,C4,C4,lamarckian,15,0.05993114113623804,,,,
C4__lamarckian__s16,C4__lamarckian,C4,C4,lamarckian,16,0.05993114113623804,,,,
C4__lamarckian__s17,C4__lamarckian,C4,C4,lamarckian,17,0.05993114113623804,,,,
C4__lamarckian__s18,C4__lamarckian,C4,C4,lamarckian,18,0.05993114113623804,,,,
C4__lamarckian__s19,C4__lamarckian,C4,C4,lamarckian,19,0.05993114113623804,,,,
C4__lamarckian__s20,C4__lamarckian,C4,C4,lamarckian,20,0.05993114113623804,,,,
C4__lamarckian__s21,C4__lamarckian,C4,C4,lamarckian,21,0.05993114113623804,,,,
C4__lamarckian__s22,C4__lamarckian,C4,C4,lamarckian,22,0.05993114113623804,,,,
C4__lamarckian__s23,C4__lamarckian,C4,C4,lamarckian,23,0.05993114113623804,,,,
C4__lamarckian__s24,C4__lamarckian,C4,C4,lamarckian,24,0.05993114113623804,,,,
C4__lamarckian__s25,C4__lamarckian,C4,C4,lamarckian,25,0.05993114113623804,,,,
C4__lamarckian__s26,C4__lamarckian,C4,C4,lamarckian,26,0.05993114113623804,,,,
C4__lamarckian__s27,C4__lamarckian,C4,C4,lamarckian,27,0.05993114113623804,,,,
C4__lamarckian__s28,C4__lamarckian,C4,C4,lamarckian,28,0.05993114113623804,,,,
C4__lamarckian__s29,C4__lamarckian,C4,C4,lamarckian,29,0.05993114113623804,,,,
C4__lamarckian__s30,C4__lamarckian,C4,C4,lamarckian,30,0.05993114113623804,,,,
