population,n_candidates,paradigm,endpoint,family,n_pairs,delta_mean,delta_sd,ci_low,ci_high,pvalue,effect_size,wilcoxon_stat,pvalue_adjusted
two_cluster,6,individual,minority_welfare,primary,100,-0.04063115946559782,0.0851297758194728,-0.05752275389217276,-0.023739565039022876,0.00010076375400562272,-0.477284934377846,1394.0,0.0006045825240337363
two_cluster,6,individual,total_welfare,primary,100,-0.00035837382170166883,0.0054725632007407545,-0.0014442490888554515,0.0007275014454521138,0.5292093269572754,-0.06548555193536369,2342.0,0.5292093269572754
two_cluster,6,individual,loser_welfare,exploratory,100,0.02042652587326258,0.02109698332054468,0.016240426680066516,0.024612625066458647,8.787363278671952e-13,0.9682202219580278,446.0,
two_cluster,6,individual,gap,exploratory,100,-0.013448991847068366,0.04271483570457518,-0.021924541955993047,-0.004973441738143682,0.0004709164279142287,-0.31485528681614117,1508.0,
two_cluster,6,individual,loser_share,exploratory,100,0.13695000000000002,0.0773492179349702,0.12160223705814802,0.15229776294185202,8.323060482278593e-18,1.7705414955214929,0.0,
two_cluster,6,individual,majority_welfare,exploratory,100,0.03991441182219449,0.08642230718674626,0.02276635113067943,0.05706247251370955,0.00019901189269845365,0.4618531154918735,1443.0,
two_cluster,6,individual,min_utility,exploratory,100,-0.0052531679030266565,0.021066016797178084,-0.009433122666163153,-0.0010732131398901602,0.007864669519931426,-0.24936692843282784,1752.0,
two_cluster,6,individual,p10_utility,exploratory,100,-0.004869544746173285,0.020642381332930847,-0.008965441042364526,-0.000773648449982043,0.029011054990631654,-0.23590033861087947,1890.0,
two_cluster,6,individual,gini_utility,exploratory,100,0.009622618985290994,0.047243295659877275,0.0002485241755772437,0.018996713795004744,0.05417159648941415,0.20368221248932214,1965.0,
two_cluster,6,individual,supporter_welfare,exploratory,100,0.006977534026194212,0.02710693313919758,0.0015989304021626662,0.012356137650225758,0.0439194922345891,0.25740772629510245,1939.0,
two_cluster,6,individual,lambda_winner,exploratory,100,0.053401399397322066,0.2063110298429779,0.012464815125953273,0.09433798366869087,0.007552701063904588,0.258839284734149,378.0,
two_cluster,6,score,minority_welfare,primary,100,-0.01651508359029524,0.07556328981576772,-0.0315084796473036,-0.001521687533286879,0.0057025281218700844,-0.21855961579440195,1721.0,0.028512640609350423
two_cluster,6,score,total_welfare,primary,100,-0.0012977527102254558,0.007969128634022335,-0.0028790007227254386,0.00028349530227452695,0.08747921121495726,-0.16284750439150944,2028.0,0.18426459741145085
two_cluster,6,score,loser_welfare,exploratory,100,0.04679480266132199,0.018807654184874466,0.04306295603600167,0.0505266492866423,3.896559845095909e-18,2.488072260439338,0.0,
two_cluster,6,score,gap,exploratory,100,-0.06806168366658714,0.04632270879489293,-0.07725311407000993,-0.05887025326316436,4.7408945782600864e-17,-1.4692941202542742,84.0,
two_cluster,6,score,loser_share,exploratory,100,0.27879999999999994,0.10377257573534288,0.25820926961161467,0.2993907303883852,3.892385512934327e-18,2.686644308714467,0.0,
two_cluster,6,score,majority_welfare,exploratory,100,0.013919578169844326,0.0754954490135342,-0.0010603568001839349,0.028899513139872587,0.014225206202028851,0.18437638760647598,1812.0,
two_cluster,6,score,min_utility,exploratory,100,0.00716633747115153,0.022082246014770275,0.002784740783990651,0.01154793415831241,3.582668986842989e-05,0.32452937379459235,1323.0,
two_cluster,6,score,p10_utility,exploratory,100,0.012969619256636328,0.02402355560552186,0.00820282462965079,0.017736413883621866,2.6485745381729024e-08,0.5398709279177324,907.0,
two_cluster,6,score,gini_utility,exploratory,100,-0.03421493181267146,0.05666563987522992,-0.045458624133963704,-0.02297123949137922,2.3383109695574695e-09,-0.6038038551758723,788.0,
two_cluster,6,score,supporter_welfare,exploratory,100,-0.02126688100526517,0.032205004258817636,-0.027657052542891043,-0.0148767094676393,5.166648052934121e-09,-0.6603595153831523,826.0,
two_cluster,6,score,lambda_winner,exploratory,100,0.06347660308963782,0.21412776464295846,0.02098900904865133,0.1059641971306243,0.007045924306688347,0.2964426551385345,732.0,
two_cluster,6,latent_match,minority_welfare,primary,100,-0.012418283245506544,0.07762039973547498,-0.027819854539910878,0.0029832880488977875,0.02143466529987932,-0.15998736527803523,1856.0,0.08573866119951729
two_cluster,6,latent_match,total_welfare,primary,100,-0.001803471731671305,0.008324424909149116,-0.003455218233365495,-0.00015172522997711517,0.06142153247048362,-0.21664820709586383,1981.0,0.18426459741145085
two_cluster,6,latent_match,loser_welfare,exploratory,100,0.0457364142703529,0.020307328830949087,0.041706999659572024,0.04976582888113378,4.0161556854627e-18,2.2522122259944397,1.0,
two_cluster,6,latent_match,gap,exploratory,100,-0.07013145912302923,0.045439144795432256,-0.07914757125989788,-0.06111534698616059,2.0195637546078604e-17,-1.5434150320997932,55.0,
two_cluster,6,latent_match,loser_share,exploratory,100,0.27309999999999995,0.11467461653202804,0.25034606819604777,0.29585393180395214,8.32208267922838e-18,2.381520935138462,0.0,
two_cluster,6,latent_match,majority_welfare,exploratory,100,0.008811339782163941,0.07830575867820513,-0.006726221595449042,0.024348901159776924,0.07213836661934553,0.1125247993365832,2002.0,
two_cluster,6,latent_match,min_utility,exploratory,100,0.010072995496463835,0.02126299961375229,0.005853955068945561,0.014292035923982108,6.068971053695422e-07,0.4737335126483713,1074.0,
two_cluster,6,latent_match,p10_utility,exploratory,100,0.014948234166271486,0.02345016178234617,0.010295213313673963,0.01960125501886901,3.137569850407762e-09,0.637446952605882,802.0,
two_cluster,6,latent_match,gini_utility,exploratory,100,-0.03914759045750307,0.05527154176345519,-0.05011466346823951,-0.028180517446766633,1.1681027180135773e-10,-0.7082775187463097,651.0,
two_cluster,6,latent_match,supporter_welfare,exploratory,100,-0.02439504485267634,0.030252496320242617,-0.030397796455319454,-0.018392293250033227,3.7942168434494496e-11,-0.806381218741049,602.0,
two_cluster,6,latent_match,lambda_winner,exploratory,100,0.043200933923053145,0.20912077282336297,0.0017068356865562462,0.08469503215955004,0.06420740179453986,0.2065836566104481,955.0,
two_cluster,8,individual,minority_welfare,primary,100,-0.027860320269894503,0.08566439010014226,-0.0448579937682959,-0.010862646771493109,0.008792885656901764,-0.3252263891370218,1763.0,0.026378656970705294
two_cluster,8,individual,total_welfare,primary,100,-0.00044799860128786397,0.005756708853541521,-0.0015902545305423335,0.0006942573279666057,0.9616074190130767,-0.0778220008490191,2511.0,0.9616074190130767
two_cluster,8,individual,loser_welfare,exploratory,100,0.035388099740921164,0.01898858774393504,0.03162035197210097,0.03915584750974136,9.318997235593406e-18,1.8636509580457943,29.0,
two_cluster,8,individual,gap,exploratory,100,-0.0319393424857548,0.031146909038452287,-0.03811956497611652,-0.025759119995393077,1.662711556005802e-14,-1.0254418005434895,293.0,
two_cluster,8,individual,loser_share,exploratory,100,0.20235,0.07523936550245572,0.1874208775543421,0.2172791224456579,3.891068183715535e-18,2.6894166191951148,0.0,
two_cluster,8,individual,majority_welfare,exploratory,100,0.026964323067318774,0.0870295964580779,0.009695763009134436,0.04423288312550311,0.01355983191000595,0.30982934731068723,1807.0,
two_cluster,8,individual,min_utility,exploratory,100,-0.000752945158233924,0.017671158280133874,-0.004259286339594755,0.0027533960231269075,0.4371225373859976,-0.04260870432474106,2299.0,
two_cluster,8,individual,p10_utility,exploratory,100,0.0005592108937288305,0.01636284608785796,-0.0026875327646438954,0.0038059545521015566,0.6673479673381713,0.03417564956158774,2400.0,
two_cluster,8,individual,gini_utility,exploratory,100,-0.0013717734901519706,0.03362414454683385,-0.008043533249393943,0.005299986269090002,0.5224792307772006,-0.04079727554826792,2339.0,
two_cluster,8,individual,supporter_welfare,exploratory,100,0.003448757255166357,0.021364428245840825,-0.0007904088134685463,0.00768792332380126,0.050417247520006904,0.16142520714720052,1956.0,
two_cluster,8,individual,lambda_winner,exploratory,100,-0.007224464275435398,0.17455585913740856,-0.041860133745353086,0.027411205194482292,0.6465711850099514,-0.041387692805821975,590.0,
two_cluster,8,score,minority_welfare,primary,100,-0.03522007880497695,0.08031033853118923,-0.0511553923150999,-0.019284765294853998,3.8604823016963796e-05,-0.43854974900023513,1328.0,0.00019302411508481898
two_cluster,8,score,total_welfare,primary,100,-0.001664375216625006,0.008320533277967146,-0.003315349534263137,-1.3400898986874743e-05,0.23417989735759404,-0.2000322769013241,2179.0,0.46835979471518807
two_cluster,8,score,loser_welfare,exploratory,100,0.05120440268985875,0.01941498049321155,0.04735204934892375,0.05505675603079375,3.896559845095909e-18,2.637365652144867,0.0,
two_cluster,8,score,gap,exploratory,100,-0.07321395354173892,0.04591197598229626,-0.08232388564422899,-0.06410402143924884,1.082004916926409e-17,-1.5946591706262077,34.0,
two_cluster,8,score,loser_share,exploratory,100,0.3085,0.09403080840497402,0.2898422475991476,0.3271577524008524,3.89040967760029e-18,3.280839601754195,0.0,
two_cluster,8,score,majority_welfare,exploratory,100,0.031891328371726944,0.0821417149948446,0.01559263003921186,0.04819002670424203,8.74064479714811e-05,0.38824765679324463,1384.0,
two_cluster,8,score,min_utility,exploratory,100,0.010298832878318004,0.02533931008168136,0.005270964017760328,0.015326701738875681,4.478612595328757e-05,0.40643698842311327,1338.0,
two_cluster,8,score,p10_utility,exploratory,100,0.015761423245450764,0.02577359093242907,0.01064738364231279,0.02087546284858874,6.61356107217926e-09,0.6115338482236594,838.0,
two_cluster,8,score,gini_utility,exploratory,100,-0.03861479015942796,0.05776328937158946,-0.050076279954477894,-0.027153300364378026,1.7760396594324329e-09,-0.6685005403868226,775.0,
two_cluster,8,score,supporter_welfare,exploratory,100,-0.022009550851880163,0.033279290636943695,-0.028612884113739644,-0.015406217590020681,1.2419461244164134e-08,-0.6613587738990784,869.0,
two_cluster,8,score,lambda_winner,exploratory,100,0.017423698363977957,0.2467999514231758,-0.03154676636247902,0.06639416309043493,0.4371327770494121,0.07059846755845747,1421.0,
two_cluster,8,latent_match,minority_welfare,primary,100,-0.035013711706317355,0.07670561193174578,-0.05023376925399529,-0.019793654158639422,1.9213684786277983e-05,-0.4564687097141376,1282.0,0.0001152821087176679
two_cluster,8,latent_match,total_welfare,primary,100,-0.0031911505966840553,0.00866479072527198,-0.0049104330605873985,-0.0014718681327807123,0.00588541063642929,-0.3682894022329533,1724.0,0.02354164254571716
two_cluster,8,latent_match,loser_welfare,exploratory,100,0.05268890369681787,0.01979263495116535,0.04876161551815146,0.05661619187548428,3.896559845095909e-18,2.662045949254253,0.0,
two_cluster,8,latent_match,gap,exploratory,100,-0.08034899673295902,0.04387875268653001,-0.08905549322246711,-0.07164250024345092,5.596247901468035e-18,-1.8311595433665258,12.0,
two_cluster,8,latent_match,loser_share,exploratory,100,0.33332500000000004,0.09368376785007027,0.31473610797434043,0.35191389202565965,3.8895318337748005e-18,3.5579802952998976,0.0,
two_cluster,8,latent_match,majority_welfare,exploratory,100,0.02863141051294925,0.0779205108369239,0.013170290665059493,0.044092530360839,0.0002538168748363472,0.36744382455179936,1461.0,
two_cluster,8,latent_match,min_utility,exploratory,100,0.01413147951201172,0.022017346100431184,0.009762760375869654,0.018500198648153787,8.451646604920486e-09,0.6418339180186194,850.0,
two_cluster,8,latent_match,p10_utility,exploratory,100,0.01812564636480996,0.0241525760740462,0.01333325127774966,0.022918041451870257,6.454390373280757e-11,0.7504643111045765,625.0,
two_cluster,8,latent_match,gini_utility,exploratory,100,-0.044668042227304756,0.054563450770966235,-0.055494614622984974,-0.03384146983162454,5.174036778840668e-12,-0.8186440116260586,518.0,
two_cluster,8,latent_match,supporter_welfare,exploratory,100,-0.027660093036141142,0.031683283912510546,-0.03394674393825401,-0.021373442134028278,5.0502676450860454e-12,-0.873018501255143,517.0,
two_cluster,8,latent_match,lambda_winner,exploratory,100,0.014117078021241274,0.2386141700013406,-0.033229150079297054,0.061463306121779596,0.5250023556473409,0.05916278157815171,1564.0,
two_cluster,12,individual,minority_welfare,primary,100,-0.04022130661356933,0.08413524585924044,-0.056915564719548915,-0.02352704850758975,3.9455162763770626e-06,-0.4780553762315047,1183.0,2.3673097658262375e-05
two_cluster,12,individual,total_welfare,primary,100,-0.0001732837190404879,0.005149305436185796,-0.0011950176325780826,0.0008484501944971067,0.3938231608273898,-0.03365186260321022,2277.0,0.3938231608273898
two_cluster,12,individual,loser_welfare,exploratory,100,0.03971685135666392,0.017883246622179053,0.036168427246951095,0.04326527546637674,6.12472726248735e-18,2.220897144448398,15.0,
two_cluster,12,individual,gap,exploratory,100,-0.031743467117412584,0.04028054283220266,-0.03973600070808851,-0.023750933526736656,5.49431748480872e-11,-0.7880595663679827,618.0,
two_cluster,12,individual,loser_share,exploratory,100,0.262175,0.0647417704687966,0.24932882815600968,0.27502117184399033,3.888215420091603e-18,4.0495494346476,0.0,
two_cluster,12,individual,majority_welfare,exploratory,100,0.039874739175488366,0.08302815730670209,0.023400151456794173,0.05634932689418256,2.0751639472212624e-05,0.48025562012887946,1287.0,
two_cluster,12,individual,min_utility,exploratory,100,-0.0018587863341085358,0.02215143710237223,-0.006254112034161265,0.002536539365944193,0.29749865120626195,-0.08391267462775477,2222.0,
two_cluster,12,individual,p10_utility,exploratory,100,-0.002633233516659948,0.01943468551147346,-0.006489496760721606,0.0012230297274017105,0.07051956353395923,-0.13549143952472975,1999.0,
two_cluster,12,individual,gini_utility,exploratory,100,0.0056725514562092514,0.04256596974847359,-0.0027734604173543414,0.014118563329772845,0.1496812949935662,0.13326494121310764,2106.0,
two_cluster,12,individual,supporter_welfare,exploratory,100,0.007973384239251332,0.028461715348827188,0.00232596243261431,0.013620806045888355,0.027046719679822244,0.28014419164584503,1882.0,
two_cluster,12,individual,lambda_winner,exploratory,100,0.015726754972701228,0.22262312170060947,-0.028446502216642307,0.05990001216204476,0.5423419454494496,0.07064295412158966,598.0,
two_cluster,12,score,minority_welfare,primary,100,-0.024937088569802462,0.08375633547422388,-0.04155616263487384,-0.008318014504731078,0.0010124697245583302,-0.2977337586298398,1569.0,0.0030374091736749907
two_cluster,12,score,total_welfare,primary,100,-0.0019402181525316577,0.007902144230592913,-0.003508175006153984,-0.00037226129890933113,0.014499318987456775,-0.2455305921929597,1814.0,0.02899863797491355
two_cluster,12,score,loser_welfare,exploratory,100,0.053390357526867105,0.017523432121695867,0.049913328420282815,0.056867386633451394,3.896559845095909e-18,3.0467979763373054,0.0,
two_cluster,12,score,gap,exploratory,100,-0.07669892484791543,0.03298496462128158,-0.08324385744281795,-0.07015399225301291,3.896559845095909e-18,-2.3252692773370454,0.0,
two_cluster,12,score,loser_share,exploratory,100,0.358975,0.07444160395229202,0.34420417075345794,0.37374582924654204,3.8930443360697965e-18,4.822236235399484,0.0,
two_cluster,12,score,majority_welfare,exploratory,100,0.021056652264739142,0.08224814941548164,0.0047368350340580255,0.037376469495420256,0.0070980586409156495,0.25601369045241557,1742.0,
two_cluster,12,score,min_utility,exploratory,100,0.008175426012130059,0.022196582803125475,0.003771142425604746,0.012579709598655371,0.000615769688999271,0.36831912752709334,1529.0,
two_cluster,12,score,p10_utility,exploratory,100,0.012195918722000907,0.02152550371079223,0.007924791786561879,0.016467045657439935,9.435936406956077e-07,0.5665799456245126,1099.0,
two_cluster,12,score,gini_utility,exploratory,100,-0.03445620856267161,0.04582892299004532,-0.04354966114965125,-0.025362755975691972,8.691463376884239e-11,-0.7518441698958533,638.0,
two_cluster,12,score,supporter_welfare,exploratory,100,-0.023308567321048353,0.024001206535690763,-0.028070927407712786,-0.01854620723438392,6.181679327962521e-13,-0.9711414835078217,432.0,
two_cluster,12,score,lambda_winner,exploratory,100,0.0023161573988870515,0.2519771760325738,-0.04768158101078371,0.05231389580855782,0.6486436360719643,0.009191933314577806,1525.0,
two_cluster,12,latent_match,minority_welfare,primary,100,-0.02651246815047107,0.07207725693948235,-0.04081415965478813,-0.012210776646154008,0.00011603173720759753,-0.36783403359441835,1404.0,0.0005801586860379876
two_cluster,12,latent_match,total_welfare,primary,100,-0.00282815239628622,0.008027157797095372,-0.004420914653691792,-0.001235390138880648,0.0004191532414062229,-0.3523230099338009,1499.0,0.0016766129656248915
two_cluster,12,latent_match,loser_welfare,exploratory,100,0.053989900494661056,0.018578283541241667,0.05030356598126999,0.05767623500805212,3.896559845095909e-18,2.9060758156053352,0.0,
two_cluster,12,latent_match,gap,exploratory,100,-0.0830372524783392,0.036014353970425246,-0.09018328164319434,-0.07589122331348405,4.0161556854627e-18,-2.3056710262393945,1.0,
two_cluster,12,latent_match,loser_share,exploratory,100,0.37795,0.07881090718237604,0.3623122061998826,0.39358779380011744,3.8871187313247816e-18,4.795656001337318,0.0,
two_cluster,12,latent_match,majority_welfare,exploratory,100,0.020856163357898628,0.07221897671251763,0.006526351575978407,0.035185975139818845,0.002971096177137261,0.2887906241169941,1661.0,
two_cluster,12,latent_match,min_utility,exploratory,100,0.010840674798223713,0.025490340017780826,0.00578283832172548,0.015898511274721944,0.0001858893127699511,0.4252856097902885,1438.0,
two_cluster,12,latent_match,p10_utility,exploratory,100,0.01594322354761153,0.02500141271104764,0.010982400856124643,0.020904046239098414,4.5787998534290124e-08,0.6376929068718795,935.0,
two_cluster,12,latent_match,gini_utility,exploratory,100,-0.04454143341499047,0.053337127327093815,-0.05512467663412474,-0.0339581901958562,5.981559346723431e-12,-0.835092470238168,524.0,
two_cluster,12,latent_match,supporter_welfare,exploratory,100,-0.02904735198367814,0.024953027823250887,-0.033998574063708334,-0.02409612990364795,1.6769992593993554e-15,-1.1640812565684802,209.0,
two_cluster,12,latent_match,lambda_winner,exploratory,100,-0.0007014809207696837,0.2790914787390888,-0.056079285236511706,0.05467632339497233,0.9112242823317804,-0.00251344442309351,1760.0,
three_cluster,6,individual,minority_welfare,primary,100,-0.0007419090500054537,0.00667215994947647,-0.0020658103375501722,0.000581992237539265,0.15460097100352582,-0.1111947338827912,2111.0,0.5023421313439547
three_cluster,6,individual,total_welfare,primary,100,0.0007560411411540399,0.004732168390160245,-0.0001829237325976968,0.0016950060149057765,0.09136948544321029,0.15976632250156214,2034.0,0.5023421313439547
three_cluster,6,individual,loser_welfare,exploratory,100,0.023030702603238723,0.017980455179259513,0.01946299020684607,0.026598414999631375,9.071993454725491e-16,1.2808742811919844,187.0,
three_cluster,6,individual,gap,exploratory,100,-0.01983996267658056,0.04165772453957882,-0.02810575899617554,-0.011574166356985584,7.246950671541695e-07,-0.47626131517891,1084.0,
three_cluster,6,individual,loser_share,exploratory,100,0.160825,0.07299254061100001,0.14634169635802938,0.17530830364197061,5.0273486731801695e-18,2.2033073332395228,8.5,
three_cluster,6,individual,majority_welfare,exploratory,100,0.009740512879035181,0.07830885297981113,-0.005797662475147796,0.02527868823321816,0.20576253719593485,0.12438584538514937,2157.0,
three_cluster,6,individual,min_utility,exploratory,100,0.0016274556110670796,0.022782278101277673,-0.0028930426293640385,0.006147953851498198,0.4639469189039841,0.07143515691592794,2312.0,
three_cluster,6,individual,p10_utility,exploratory,100,0.0029807842778813375,0.021177626304017573,-0.0012213162327980704,0.007182884788560745,0.3305304748161958,0.14075157598355853,2242.0,
three_cluster,6,individual,gini_utility,exploratory,100,-0.004465560432128088,0.04635689640831849,-0.013663774399760194,0.004732653535504019,0.41121370964410997,-0.09633001296710553,2286.0,
three_cluster,6,individual,supporter_welfare,exploratory,100,0.0031907399266581605,0.028575878481073305,-0.0024793343222037573,0.00886081417552008,0.38812672601916176,0.11165850697368716,2274.0,
three_cluster,6,individual,lambda_winner,exploratory,100,-0.0009229313504693559,0.23813143630632233,-0.04817337461293196,0.04632751191199325,0.9564240756932026,-0.003875722436252119,683.0,
three_cluster,6,score,minority_welfare,primary,100,0.001001088233363676,0.010438127332756718,-0.001070062686283664,0.0030722391530110162,0.5588737261094053,0.09590688075073403,2355.0,0.9195227440015947
three_cluster,6,score,total_welfare,primary,100,-0.0011692975433547318,0.007757224900106313,-0.002708499257760652,0.0003699041710511883,0.12431015694745697,-0.15073657891995712,2078.0,0.5023421313439547
three_cluster,6,score,loser_welfare,exploratory,100,0.03717625241175842,0.01765480652527772,0.033673155773314964,0.040679349050201874,3.896559845095909e-18,2.105729811229048,0.0,
three_cluster,6,score,gap,exploratory,100,-0.06020719414624143,0.03929779803163978,-0.06800472984768133,-0.05240965844480153,4.8816168731894246e-17,-1.5320755147086584,85.0,
three_cluster,6,score,loser_share,exploratory,100,0.24735000000000004,0.10145707406971619,0.22721871537725108,0.267481284622749,4.392664736027936e-18,2.437976871184296,4.0,
three_cluster,6,score,majority_welfare,exploratory,100,0.0035240047905637207,0.06740089587078378,-0.009849795223328293,0.016897804804455734,0.652407226795377,0.052284242591073164,2394.0,
three_cluster,6,score,min_utility,exploratory,100,0.013428093934450847,0.021137623946641954,0.009233930759332251,0.017622257109569443,4.659276289416659e-09,0.6352697904148358,821.0,
three_cluster,6,score,p10_utility,exploratory,100,0.017025217932601328,0.02236009720687551,0.012588489540901079,0.021461946324301578,3.299843236246908e-11,0.7614107297962123,596.0,
three_cluster,6,score,gini_utility,exploratory,100,-0.03900962254142138,0.0511097776656719,-0.049150911265025285,-0.028868333817817476,1.6316686138725806e-11,-0.7632516579625499,566.0,
three_cluster,6,score,supporter_welfare,exploratory,100,-0.023030941734482998,0.027218291477813808,-0.028431641268832825,-0.01763024220013317,1.55625281041164e-11,-0.8461567748753075,564.0,
three_cluster,6,score,lambda_winner,exploratory,100,0.021045199695178325,0.24299748897467247,-0.02717077398646954,0.06926117337682619,0.3252645144721351,0.0866066550069242,1273.0,
three_cluster,6,latent_match,minority_welfare,primary,100,0.0010312140910616907,0.010347218596218557,-0.0010218985629770168,0.003084326745100398,0.45976137200079736,0.09966099406062157,2310.0,0.9195227440015947
three_cluster,6,latent_match,total_welfare,primary,100,-0.0013671467233847092,0.007424566958620538,-0.0028403418851330377,0.00010604843836361914,0.08372368855732577,-0.18413824415676372,2022.0,0.5023421313439547
three_cluster,6,latent_match,loser_welfare,exploratory,100,0.037592967524619075,0.01768964285103867,0.034082958603365035,0.041102976445873116,4.0161556854627e-18,2.1251399952606596,1.0,
three_cluster,6,latent_match,gap,exploratory,100,-0.06382067013547467,0.03583344433068874,-0.07093080290294275,-0.05671053736800659,4.9610417082651575e-18,-1.7810364403294858,8.0,
three_cluster,6,latent_match,loser_share,exploratory,100,0.24305,0.10936084973401339,0.22135043481178757,0.2647495651882124,4.883809839243227e-18,2.2224589566663417,7.5,
three_cluster,6,latent_match,majority_welfare,exploratory,100,0.0065507004297201445,0.0642587834622487,-0.006199636313691335,0.019301037173131624,0.34614092891907466,0.10194249061015302,2251.0,
three_cluster,6,latent_match,min_utility,exploratory,100,0.01586720067115988,0.021032868311261752,0.011693823286790844,0.020040578055528915,1.1704325791132931e-11,0.7544002290293431,552.0,
three_cluster,6,latent_match,p10_utility,exploratory,100,0.01952869909492377,0.020551542634031725,0.015450827167354098,0.023606571022493444,4.220912101095269e-14,0.9502303278482751,328.0,
three_cluster,6,latent_match,gini_utility,exploratory,100,-0.04458756263472681,0.04664135312854435,-0.0538422189869854,-0.03533290628246822,1.453827925226812e-14,-0.9559663183836613,288.0,
three_cluster,6,latent_match,supporter_welfare,exploratory,100,-0.026227702610855587,0.023330950499333116,-0.030857069358595623,-0.02159833586311555,3.3479285134505465e-15,-1.1241591983835064,234.0,
three_cluster,6,latent_match,lambda_winner,exploratory,100,0.005799943424008207,0.24670903506683348,-0.04315248152490569,0.0547523683729221,0.7016277546487694,0.02350924611430223,1389.0,
three_cluster,8,individual,minority_welfare,primary,100,-0.0011010860475418071,0.007156415352031924,-0.002521074112951309,0.000318902017867695,0.11531352011465917,-0.1538599974118572,2067.0,0.4612540804586367
three_cluster,8,individual,total_welfare,primary,100,-0.00010789089889834402,0.005449744787123531,-0.0011892384977413661,0.0009734566999446781,0.3071679920485064,-0.019797422285400396,2228.0,0.9215039761455193
three_cluster,8,individual,loser_welfare,exploratory,100,0.02829718968090617,0.014031507104283426,0.025513034255643725,0.031081345106168612,3.896559845095909e-18,2.016689260148529,0.0,
three_cluster,8,individual,gap,exploratory,100,-0.02309306216873866,0.03785544473278022,-0.030604403683601185,-0.015581720653876132,5.885735308426342e-08,-0.6100327794786584,948.0,
three_cluster,8,individual,loser_share,exploratory,100,0.21367500000000003,0.05619956212310096,0.20252378761636095,0.22482621238363912,3.888434793038708e-18,3.80207588685408,0.0,
three_cluster,8,individual,majority_welfare,exploratory,100,-0.01546994578152966,0.08794874413159658,-0.0329208846791947,0.001980993116135376,0.18444471851330213,-0.17589729033972534,2139.0,
three_cluster,8,individual,min_utility,exploratory,100,0.0004663670721471212,0.020736535255644405,-0.00364821140499478,0.004580945549289023,0.5247177003787094,0.0224901154603529,2340.0,
three_cluster,8,individual,p10_utility,exploratory,100,0.002316360077890369,0.01856943047421481,-0.001368217794933874,0.0060009379507146125,0.7129472348148089,0.12474050192906166,2418.0,
three_cluster,8,individual,gini_utility,exploratory,100,-0.004383359739270885,0.04107631574596903,-0.012533791940457669,0.0037670724619158985,0.4745030356140598,-0.10671258265661374,2317.0,
three_cluster,8,individual,supporter_welfare,exploratory,100,0.005204127512167511,0.02906448574385332,-0.0005628970180420415,0.010971152042377063,0.1627265750322584,0.17905451890777396,2119.0,
three_cluster,8,individual,lambda_winner,exploratory,100,-0.020434475019068837,0.245827087886933,-0.06921190251350648,0.02834295247536881,0.3974608928353289,-0.08312540003104775,720.0,
three_cluster,8,score,minority_welfare,primary,100,0.0003332107279855248,0.00927185622134927,-0.0015065267007217961,0.002172948156692846,0.9972566190976729,0.0359378661651674,2524.0,1.0
three_cluster,8,score,total_welfare,primary,100,-0.0015768784059971496,0.00688552071502048,-0.0029431150983214565,-0.00021064171367284295,0.018339527184953693,-0.2290136754010854,1839.0,0.09169763592476846
three_cluster,8,score,loser_welfare,exploratory,100,0.04247625274375472,0.015265565457201554,0.03944723336818158,0.04550527211932785,3.896559845095909e-18,2.7824880030052523,0.0,
three_cluster,8,score,gap,exploratory,100,-0.07003924043259292,0.034971700782772494,-0.07697838458449144,-0.0631000962806944,5.94331234302936e-18,-2.0027404691479904,14.0,
three_cluster,8,score,loser_share,exploratory,100,0.29962500000000003,0.07606099277035583,0.28453284887905683,0.31471715112094323,3.89392293135041e-18,3.939272800509337,0.0,
three_cluster,8,score,majority_welfare,exploratory,100,-0.013393482488036498,0.07382542785066978,-0.028042049027978397,0.001255084051905402,0.09071161614888014,-0.18142099379536458,2033.0,
three_cluster,8,score,min_utility,exploratory,100,0.01701896443867615,0.02222066640959056,0.012609902142130501,0.021428026735221796,3.737167999465526e-10,0.765907022092311,703.0,
three_cluster,8,score,p10_utility,exploratory,100,0.02157206370840912,0.023105692898395785,0.016987392955694437,0.0261567344611238,1.342808921407084e-12,0.9336254836965678,463.0,
three_cluster,8,score,gini_utility,exploratory,100,-0.04729525067133965,0.048093665675443244,-0.05683807734105408,-0.037752424001625214,3.725407650063557e-13,-0.9833987492346363,412.0,
three_cluster,8,score,supporter_welfare,exploratory,100,-0.027562987688838202,0.02462248847649029,-0.03244862359136753,-0.022677351786308877,3.154399659417182e-14,-1.1194233156066058,317.0,
three_cluster,8,score,lambda_winner,exploratory,100,0.01435409148564675,0.293731190606617,-0.0439285492754843,0.0726367322467778,0.7275772328359829,0.048868121414012984,1748.0,
three_cluster,8,latent_match,minority_welfare,primary,100,0.00015506299105645825,0.009801831634344465,-0.0017898330574897701,0.0020999590396026868,0.8635033772834252,0.015819797446136066,2475.0,1.0
three_cluster,8,latent_match,total_welfare,primary,100,-0.0020868342766714393,0.007069191732498611,-0.0034895152836352692,-0.0006841532697076094,0.0025955605620449655,-0.29520125576419276,1649.0,0.015573363372269793
three_cluster,8,latent_match,loser_welfare,exploratory,100,0.04260186052737499,0.01617694208409483,0.03939200425656572,0.04581171679818426,3.896559845095909e-18,2.63349280141524,0.0,
three_cluster,8,latent_match,gap,exploratory,100,-0.07206762102919258,0.035015901318565815,-0.07901553552633013,-0.06511970653205502,6.12472726248735e-18,-2.0581398254906986,15.0,
three_cluster,8,latent_match,loser_share,exploratory,100,0.3073,0.08046321074148287,0.29133435332676794,0.3232656466732321,3.89414260953766e-18,3.819136685799331,0.0,
three_cluster,8,latent_match,majority_welfare,exploratory,100,-0.012258898733817575,0.07023043085882323,-0.026194139876547066,0.0016763424089119155,0.10535026094391692,-0.17455252066529872,2054.0,
three_cluster,8,latent_match,min_utility,exploratory,100,0.018129763696500243,0.02133848389793524,0.01389574554935655,0.022363781843643935,1.7106597437436288e-11,0.8496275453878203,568.0,
three_cluster,8,latent_match,p10_utility,exploratory,100,0.022920081964945563,0.022386468226310543,0.018478120990865952,0.027362042939025173,4.110858410505758e-14,1.0238364414270524,327.0,
three_cluster,8,latent_match,gini_utility,exploratory,100,-0.05059343357074802,0.046496340237534364,-0.05981931621935255,-0.04136755092214349,1.080934894775585e-14,-1.0881164692163505,277.0,
three_cluster,8,latent_match,supporter_welfare,exploratory,100,-0.02946576050181759,0.024224480493809573,-0.03427242298573674,-0.024659098017898444,6.45706688194492e-15,-1.216362947777039,258.0,
three_cluster,8,latent_match,lambda_winner,exploratory,100,0.025541663087205554,0.2980030492737232,-0.03358860711213084,0.08467193328654195,0.45891641565771824,0.08570940179791552,1780.0,
three_cluster,12,individual,minority_welfare,primary,100,-0.002353710012088141,0.007852789313085527,-0.003911873779314237,-0.000795546244862045,0.002289982738186115,-0.299729168610958,1638.0,0.00915993095274446
three_cluster,12,individual,total_welfare,primary,100,-0.0005561683994909125,0.0048966152252036465,-0.0015277630930154342,0.0004154262940336093,0.4981839177712257,-0.11358221422590578,2328.0,1.0
three_cluster,12,individual,loser_welfare,exploratory,100,0.03448664431363946,0.01319072188668629,0.03186931891651697,0.03710396971076195,3.896559845095909e-18,2.614462241710035,0.0,
three_cluster,12,individual,gap,exploratory,100,-0.020113731220101832,0.044005911211152535,-0.028845458719619396,-0.011382003720584268,1.322446732811626e-05,-0.4570688497640825,1258.0,
three_cluster,12,individual,loser_share,exploratory,100,0.29385,0.051118079784045894,0.28370706395599493,0.30399293604400507,3.884926233395865e-18,5.748455365330672,0.0,
three_cluster,12,individual,majority_welfare,exploratory,100,0.006919476815854788,0.08793826346404995,-0.010529382489989258,0.024368336121698832,0.42305657051311696,0.07868562038052457,2292.0,
three_cluster,12,individual,min_utility,exploratory,100,-0.0018270386203479733,0.02366068699798535,-0.00652183224310626,0.0028677550024103137,0.2864775738440115,-0.07721832508513135,2215.0,
three_cluster,12,individual,p10_utility,exploratory,100,-0.0007830735978774055,0.020886698812624487,-0.004927447782546346,0.0033613005867915353,0.1901952383630343,-0.037491496617172194,2144.0,
three_cluster,12,individual,gini_utility,exploratory,100,0.004294166583464551,0.047134600130377124,-0.005058360675029613,0.013646693841958716,0.10170516363941541,0.09110433888452707,2049.0,
three_cluster,12,individual,supporter_welfare,exploratory,100,0.014372913093537627,0.035194113229028184,0.007389637487028676,0.021356188700046578,8.616690808849393e-05,0.40838969290133487,1383.0,
three_cluster,12,individual,lambda_winner,exploratory,100,0.0019816350638196104,0.24309017467109822,-0.04625272947083001,0.05021599959846924,0.9939776436885273,0.008151851741851636,884.0,
three_cluster,12,score,minority_welfare,primary,100,-0.00034815897490980517,0.010710164645208197,-0.0024732879992401683,0.001776970049420558,0.579872956766072,-0.032507341058064305,2364.0,1.0
three_cluster,12,score,total_welfare,primary,100,-0.0036948207936247433,0.008936891595184786,-0.005468093973390326,-0.0019215476138591603,0.0007343172138437582,-0.41343466621163,1543.0,0.003671586069218791
three_cluster,12,score,loser_welfare,exploratory,100,0.046737746384270695,0.014226787863505494,0.043914843019731545,0.049560649748809846,3.896559845095909e-18,3.285193174501617,0.0,
three_cluster,12,score,gap,exploratory,100,-0.08267612934035981,0.03392389079817793,-0.08940736525891092,-0.0759448934218087,3.896559845095909e-18,-2.437106339960285,0.0,
three_cluster,12,score,loser_share,exploratory,100,0.37449999999999994,0.04815798915228832,0.36494441015697143,0.38405558984302846,3.8855838596547814e-18,7.776487486130946,0.0,
three_cluster,12,score,majority_welfare,exploratory,100,0.002727856617633282,0.0663325948801902,-0.010433969302765496,0.01588968253803206,0.6474574389756316,0.041123924407907325,2392.0,
three_cluster,12,score,min_utility,exploratory,100,0.022896723702806317,0.022733017666844255,0.01838599980127973,0.027407447604332905,9.518928078849154e-14,1.0072012452706982,359.0,
three_cluster,12,score,p10_utility,exploratory,100,0.028341769118013827,0.022356057372898374,0.02390584231701948,0.03277769591900817,6.118237096853962e-16,1.267744515290597,173.0,
three_cluster,12,score,gini_utility,exploratory,100,-0.06502529521470095,0.0483011383274395,-0.07460928895972353,-0.055441301469678364,1.5579198910001613e-16,-1.3462476758598583,125.0,
three_cluster,12,score,supporter_welfare,exploratory,100,-0.035938382956089115,0.028040794293329646,-0.041502284893366354,-0.030374481018811877,1.631012778441796e-15,-1.2816463963233078,208.0,
three_cluster,12,score,lambda_winner,exploratory,100,-0.007954458683814704,0.2575379909232374,-0.05905558341055436,0.043146666042924955,0.7575370686032065,-0.0308865447590823,2015.0,
three_cluster,12,latent_match,minority_welfare,primary,100,-0.0005980169156459051,0.011412611171023128,-0.0028625265703867654,0.0016664927390949555,0.5822288568473547,-0.052399657421457,2365.0,1.0
three_cluster,12,latent_match,total_welfare,primary,100,-0.004308325532153931,0.008830036703669965,-0.006060396383209151,-0.0025562546810987113,3.177281735310636e-05,-0.4879170581888173,1315.0,0.00019063690411863816
three_cluster,12,latent_match,loser_welfare,exploratory,100,0.04686045380719268,0.0137969963725054,0.04412283039886253,0.049598077215522826,3.896559845095909e-18,3.3964243043925126,0.0,
three_cluster,12,latent_match,gap,exploratory,100,-0.08579510874402066,0.0300077724053419,-0.09174930181262331,-0.07984091567541801,3.896559845095909e-18,-2.8590962229754733,0.0,
three_cluster,12,latent_match,loser_share,exploratory,100,0.3813249999999999,0.0440907795739012,0.37257643277608044,0.3900735672239194,3.888215420091603e-18,8.648633652776665,0.0,
three_cluster,12,latent_match,majority_welfare,exploratory,100,-0.000410197614744863,0.06856351806654822,-0.01401468709554952,0.013194291866059792,0.9342333768907125,-0.005982738726252676,2501.0,
three_cluster,12,latent_match,min_utility,exploratory,100,0.02354128068612471,0.022528233990267675,0.019071190308845267,0.028011371063404154,2.4176619990204415e-14,1.044967869931335,307.0,
three_cluster,12,latent_match,p10_utility,exploratory,100,0.030068635820767485,0.020788342382002025,0.025943777685792407,0.03419349395574256,4.7408945782600864e-17,1.4464181543786812,84.0,
three_cluster,12,latent_match,gini_utility,exploratory,100,-0.06888622667794049,0.044661976191029865,-0.07774813170289953,-0.060024321652981445,1.7415252083634357e-17,-1.5423909229474702,50.0,
three_cluster,12,latent_match,supporter_welfare,exploratory,100,-0.038934654936827996,0.025103417572105415,-0.043915717605760386,-0.033953592267895606,5.486894326681338e-17,-1.5509702941838353,89.0,
three_cluster,12,latent_match,lambda_winner,exploratory,100,0.01222664883824817,0.26318015186407073,-0.039994003026729515,0.06444730070322585,0.7523759403334065,0.04645733635932805,2195.0,
rural_town,6,individual,minority_welfare,primary,100,0.025374366468438228,0.046719135443996154,0.01610427641729433,0.03464445651958213,0.00653382133312757,0.5431257712132829,1734.0,0.00653382133312757
rural_town,6,individual,total_welfare,primary,100,-0.012155657463742022,0.022165041944320528,-0.0165536826595965,-0.007757632267887547,0.0001759815341563482,-0.548415721218914,1434.0,0.0004060074828871758
rural_town,6,individual,loser_welfare,exploratory,100,0.07104894270169483,0.02648766520703537,0.0657932152705203,0.07630467013286936,3.896559845095909e-18,2.6823407101515153,0.0,
rural_town,6,individual,gap,exploratory,100,-0.08119463966193727,0.046224823060791884,-0.09036664741206787,-0.07202263191180666,3.896559845095909e-18,-1.7565159644885033,0.0,
rural_town,6,individual,loser_share,exploratory,100,0.34037500000000004,0.09341809935916481,0.3218388223666561,0.35891117763334396,3.89040967760029e-18,3.6435658864280613,0.0,
rural_town,6,individual,majority_welfare,exploratory,100,-0.028239953434676415,0.05109319810180352,-0.038377952413112565,-0.018101954456240264,0.0004246305204150303,-0.5527145389961327,1500.0,
rural_town,6,individual,min_utility,exploratory,100,0.010438495140623987,0.024373796570744666,0.005602205107604941,0.015274785173643033,0.05725047216196592,0.42826709865762497,1972.0,
rural_town,6,individual,p10_utility,exploratory,100,0.009757659385672204,0.02324182494997562,0.005145977080517628,0.014369341690826782,0.13207069537634405,0.4198318938669418,2087.0,
rural_town,6,individual,gini_utility,exploratory,100,-0.02061307068280544,0.04784022276183079,-0.030105608779974945,-0.01112053258563594,0.03302646611305504,-0.4308732169878509,1905.0,
rural_town,6,individual,supporter_welfare,exploratory,100,-0.010145696960242425,0.038563632385403446,-0.017797558269628873,-0.0024938356508559783,0.09071161614888014,-0.2630897644404117,2033.0,
rural_town,6,individual,lambda_winner,exploratory,100,0.009233704551693972,0.1238261904354254,-0.015336098059539926,0.03380350716292787,0.5123610631887398,0.07456988315011832,275.0,
rural_town,6,score,minority_welfare,primary,100,0.008667163212015527,0.019929878079324354,0.004712643019210934,0.01262168340482012,0.0001353358276290586,0.43488290181800016,1415.0,0.0004060074828871758
rural_town,6,score,total_welfare,primary,100,-0.00670146109698117,0.014317259050657172,-0.009542315907837972,-0.003860606286124368,2.275203620036337e-05,-0.4680687185494188,1293.0,9.100814480145348e-05
rural_town,6,score,loser_welfare,exploratory,100,0.08500746370194578,0.021802758656149206,0.0806813233702579,0.08933360403363366,3.896559845095909e-18,3.898931554607217,0.0,
rural_town,6,score,gap,exploratory,100,-0.10214452437626673,0.04741422825871887,-0.1115525359220005,-0.09273651283053296,4.2663227307182344e-18,-2.154301105965669,3.0,
rural_town,6,score,loser_share,exploratory,100,0.3933499999999999,0.1280073683958715,0.3679505609700944,0.41874943902990547,3.892385512934327e-18,3.072869983417972,0.0,
rural_town,6,score,majority_welfare,exploratory,100,-0.013288014372265476,0.027740849896366913,-0.01879240083384403,-0.007783627910686922,8.899585400595616e-06,-0.47900530884620607,1233.0,
rural_town,6,score,min_utility,exploratory,100,0.00912937713553321,0.019134534766711002,0.005332670311050449,0.012926083960015973,3.286457611253677e-06,0.4771151871126701,1172.0,
rural_town,6,score,p10_utility,exploratory,100,0.008316324220013589,0.018201750752307094,0.004704701980885732,0.011927946459141445,1.9815366734152885e-05,0.45689693992537966,1284.0,
rural_town,6,score,gini_utility,exploratory,100,-0.018551430835445692,0.041979539440016415,-0.026881082213112806,-0.010221779457778577,0.00023100689423620604,-0.44191601630011684,1454.0,
rural_town,6,score,supporter_welfare,exploratory,100,-0.017137060674320952,0.03760550036046854,-0.024598807803134032,-0.009675313545507873,6.275353012557241e-05,-0.4557062267501614,1361.0,
rural_town,6,score,lambda_winner,exploratory,100,0.022440836353183932,0.2020208898443866,-0.01764449106719649,0.06252616377356435,0.21943202142161589,0.11108176174488561,302.0,
rural_town,6,latent_match,minority_welfare,primary,100,0.01609275416665886,0.026082542120222645,0.010917411945117611,0.02126809638820011,4.4045347744048177e-08,0.6169933165441579,933.0,2.2022673872024088e-07
rural_town,6,latent_match,total_welfare,primary,100,-0.010459587288777274,0.015868304489649706,-0.013608203164907054,-0.007310971412647494,3.707823128564634e-09,-0.6591496461137147,810.0,2.2246938771387804e-08
rural_town,6,latent_match,loser_welfare,exploratory,100,0.08496060178665915,0.02159703544756289,0.08067528140275244,0.08924592217056586,3.896559845095909e-18,3.933901113092191,0.0,
rural_town,6,latent_match,gap,exploratory,100,-0.11225905740303971,0.04851335272151543,-0.12188515908787191,-0.1026329557182075,4.2663227307182344e-18,-2.3139826688014775,3.0,
rural_town,6,latent_match,loser_share,exploratory,100,0.4141499999999999,0.134693451056745,0.387423897114553,0.4408761028854468,3.892385512934327e-18,3.0747597359096748,0.0,
rural_town,6,latent_match,majority_welfare,exploratory,100,-0.021839162198249905,0.03243275772182386,-0.02827452496408372,-0.015403799432416088,1.1839921708264652e-09,-0.673367414068352,756.0,
rural_town,6,latent_match,min_utility,exploratory,100,0.014370410006335392,0.02360474184614699,0.00968671711544078,0.019054102897230005,9.35634467395059e-09,0.6087933560129605,855.0,
rural_town,6,latent_match,p10_utility,exploratory,100,0.014830145844930016,0.02335039278786824,0.010196921325341078,0.019463370364518954,7.032818332192006e-09,0.6351133353369138,841.0,
rural_town,6,latent_match,gini_utility,exploratory,100,-0.032023482517930676,0.0503101665388415,-0.042006111046281186,-0.02204085398958017,6.11649580871073e-08,-0.6365210994324028,950.0,
rural_town,6,latent_match,supporter_welfare,exploratory,100,-0.027298455616380567,0.03978529620162881,-0.03519272153109643,-0.019404189701664708,5.274386430525612e-09,-0.6861443352849279,827.0,
rural_town,6,latent_match,lambda_winner,exploratory,100,0.03508074270646496,0.22985760525004975,-0.01052799297235582,0.08068947838528574,0.0543065032619265,0.15261945615548594,519.0,
rural_town,8,individual,minority_welfare,primary,100,0.037198610154301676,0.0574860780481702,0.02579212509996176,0.04860509520864159,1.183662373774407e-06,0.647089024287433,1112.0,2.4169208404739983e-06
rural_town,8,individual,total_welfare,primary,100,-0.016353208510656712,0.025452531383671605,-0.02140354293388336,-0.011302874087430064,8.056402801579995e-07,-0.6424983143777864,1090.0,2.4169208404739983e-06
rural_town,8,individual,loser_welfare,exploratory,100,0.0730792850078923,0.03163597478896759,0.0668020212622693,0.0793565487535153,4.531861061109546e-18,2.3100057923101276,5.0,
rural_town,8,individual,gap,exploratory,100,-0.08267997239013701,0.042880379112336275,-0.09118836990265199,-0.07417157487762203,5.596247901468035e-18,-1.9281539506340506,12.0,
rural_town,8,individual,loser_share,exploratory,100,0.41025000000000006,0.058992487965533684,0.3985446105362531,0.421955389463747,3.8868994287609845e-18,6.954275267042277,0.0,
rural_town,8,individual,majority_welfare,exploratory,100,-0.03930398793849603,0.060435505443669164,-0.05129570337639819,-0.027312272500593874,1.4072876623452076e-06,-0.6503459787414297,1122.0,
rural_town,8,individual,min_utility,exploratory,100,0.010139212442803278,0.02007454154930786,0.006155987879057026,0.01412243700654953,0.00010076375400562272,0.5050781567239757,1394.0,
rural_town,8,individual,p10_utility,exploratory,100,0.007803105891395174,0.01882989066798898,0.004066847065400912,0.011539364717389436,0.0013855612488474557,0.4143999574389744,1595.0,
rural_town,8,individual,gini_utility,exploratory,100,-0.015872102693830267,0.04030297525835436,-0.023869087364529737,-0.007875118023130798,0.003248321221764568,-0.39381962726288194,1669.0,
rural_town,8,individual,supporter_welfare,exploratory,100,-0.009600687382244706,0.03607008686934981,-0.01675777516338056,-0.002443599601108853,0.01491922177284782,-0.26616757029223553,1817.0,
rural_town,8,individual,lambda_winner,exploratory,100,0.012973348238418283,0.18704713545417914,-0.024140861452968024,0.050087557929804585,0.3979731298918886,0.06935871114474436,403.0,
rural_town,8,score,minority_welfare,primary,100,0.009188172504668645,0.02063150568178597,0.005094434173613525,0.013281910835723765,2.8452552566935946e-07,0.4453466773770275,1032.0,1.1381021026774378e-06
rural_town,8,score,total_welfare,primary,100,-0.005834300435659635,0.012156129756083092,-0.008246340308430048,-0.0034222605628892217,1.1235299519290757e-06,-0.47994719970310223,1109.0,2.4169208404739983e-06
rural_town,8,score,loser_welfare,exploratory,100,0.09351052294374691,0.015757136889663025,0.09038396513125321,0.09663708075624061,3.896559845095909e-18,5.934486931130969,0.0,
rural_town,8,score,gap,exploratory,100,-0.11151396446249269,0.03972840338953551,-0.11939694160899066,-0.10363098731599472,3.896559845095909e-18,-2.8069077775188305,0.0,
rural_town,8,score,loser_share,exploratory,100,0.47092500000000004,0.09055570234542235,0.4529567840343399,0.48889321596566016,3.889751277126288e-18,5.200390343212943,0.0,
rural_town,8,score,majority_welfare,exploratory,100,-0.01227250312437176,0.02525140725863565,-0.017282930157771475,-0.007262076090972044,1.2126284110596416e-07,-0.48601264074796163,986.0,
rural_town,8,score,min_utility,exploratory,100,0.008646970878278815,0.018222947069594143,0.005031142829943741,0.012262798926613888,1.4302449034926375e-05,0.47451001450290653,1263.0,
rural_town,8,score,p10_utility,exploratory,100,0.00835159343296258,0.016490093535869704,0.005079601120250753,0.011623585745674406,8.628249618279228e-08,0.5064612529210926,968.0,
rural_town,8,score,gini_utility,exploratory,100,-0.017374180749436495,0.03459349486192985,-0.024238280641402377,-0.010510080857470612,2.793709017473488e-07,-0.5022383780181975,1031.0,
rural_town,8,score,supporter_welfare,exploratory,100,-0.018003441518745795,0.035012110101040106,-0.024950603756075176,-0.011056279281416413,6.044250133396019e-06,-0.5142061265884962,1209.0,
rural_town,8,score,lambda_winner,exploratory,100,0.004138634205690823,0.19185904583933672,-0.033930362901269925,0.04220763131265157,0.8206015978357238,0.021571222704591823,413.0,
rural_town,8,latent_match,minority_welfare,primary,100,0.014375308601650894,0.023006159125381193,0.009810387508903302,0.018940229694398486,3.7070625821242335e-11,0.6248460911405048,601.0,2.22423754927454e-10
rural_town,8,latent_match,total_welfare,primary,100,-0.009285979034210995,0.013295451705347482,-0.011924085099485896,-0.006647872968936094,7.577925384685866e-11,-0.6984327603157806,632.0,3.7889626923429326e-10
rural_town,8,latent_match,loser_welfare,exploratory,100,0.09308897597019533,0.016344758287100917,0.08984582132391052,0.09633213061648015,3.896559845095909e-18,5.6953412424373395,0.0,
rural_town,8,latent_match,gap,exploratory,100,-0.12230075637312593,0.038329043090437796,-0.12990607007693922,-0.11469544266931264,3.896559845095909e-18,-3.190811627740248,0.0,
rural_town,8,latent_match,loser_share,exploratory,100,0.48754999999999993,0.09852701777849177,0.468000102113466,0.5070998978865339,3.890190199038486e-18,4.94838888857987,0.0,
rural_town,8,latent_match,majority_welfare,exploratory,100,-0.019426530878151816,0.02719995487224607,-0.024823592032141437,-0.014029469724162195,2.3129702605871595e-12,-0.7142118790047701,485.0,
rural_town,8,latent_match,min_utility,exploratory,100,0.013914373620114474,0.019586677050939312,0.01002795195714223,0.01780079528308672,7.406430736393852e-11,0.7103999103026609,631.0,
rural_town,8,latent_match,p10_utility,exploratory,100,0.013170477088915042,0.018046490546209756,0.009589661843071699,0.016751292334758385,8.178235207822125e-12,0.7298082170154236,537.0,
rural_town,8,latent_match,gini_utility,exploratory,100,-0.027894586249242986,0.03756509005980262,-0.035348315097696065,-0.020440857400789908,2.551792303883156e-12,-0.7425667342960061,489.0,
rural_town,8,latent_match,supporter_welfare,exploratory,100,-0.029211780402930602,0.03347515684253263,-0.03585397776932733,-0.02256958303653387,2.680110604427065e-12,-0.8726405835928721,491.0,
rural_town,8,latent_match,lambda_winner,exploratory,100,0.0023921012808587527,0.23303705362572555,-0.043847505934333016,0.04863170849605052,0.9475291281525762,0.010264896691925401,847.0,
rural_town,12,individual,minority_welfare,primary,100,0.03386349770467179,0.06044998713670545,0.021868908784688612,0.04585808662465497,0.00026071210002751277,0.5601903211011563,1463.0,0.0003980237853969073
rural_town,12,individual,total_welfare,primary,100,-0.015890721006775337,0.027562781711530145,-0.02135977487726476,-0.010421667136285917,0.00019901189269845365,-0.5765282028891838,1443.0,0.0003980237853969073
rural_town,12,individual,loser_welfare,exploratory,100,0.08074408515156362,0.03388577883225401,0.07402041147389696,0.08746775882923027,6.504110965076778e-18,2.3828310262920023,17.0,
rural_town,12,individual,gap,exploratory,100,-0.08360822480633492,0.04315585460744887,-0.0921712826335648,-0.07504516697910504,3.861843481183515e-17,-1.9373553267997112,77.0,
rural_town,12,individual,loser_share,exploratory,100,0.4739749999999999,0.06285816063635538,0.46150257721198007,0.4864474227880198,3.878793474014127e-18,7.540389270090512,0.0,
rural_town,12,individual,majority_welfare,exploratory,100,-0.03721395759739552,0.06450523111508051,-0.05001319490184976,-0.024414720292941283,0.00018087164966483978,-0.5769137937201401,1436.0,
rural_town,12,individual,min_utility,exploratory,100,0.008203706865970701,0.024455223690105665,0.0033512599258961615,0.013056153806045242,0.010628687688281067,0.33545826322945627,1782.0,
rural_town,12,individual,p10_utility,exploratory,100,0.004572843896812398,0.019832425170126268,0.0006376604754490299,0.008508027318175765,0.037194304323534086,0.23057411575163825,1919.0,
rural_town,12,individual,gini_utility,exploratory,100,-0.010198170135163064,0.04325741747695602,-0.018781380239125733,-0.0016149600312003933,0.05082332653297752,-0.23575540866709868,1957.0,
rural_town,12,individual,supporter_welfare,exploratory,100,-0.0028641396547713204,0.038846389234170935,-0.010572106057407927,0.004843826747865287,0.39573316385218726,-0.0737298809808532,2278.0,
rural_town,12,individual,lambda_winner,exploratory,100,0.003256927403579276,0.21015230004293525,-0.038441848212427444,0.04495570301958599,0.9134606110840675,0.015497938413778332,464.0,
rural_town,12,score,minority_welfare,primary,100,0.01041086652283434,0.014822609507679295,0.007469739217646014,0.013351993828022666,5.196491457758375e-10,0.702363947282068,718.0,2.5982457288791872e-09
rural_town,12,score,total_welfare,primary,100,-0.005504660714649894,0.011172350693121095,-0.007721497478085808,-0.00328782395121398,1.45278746053288e-05,-0.4927038960600438,1264.0,4.35836238159864e-05
rural_town,12,score,loser_welfare,exploratory,100,0.10076427090892767,0.017023549628349118,0.09738642933405338,0.10414211248380197,3.896559845095909e-18,5.919110473947579,0.0,
rural_town,12,score,gap,exploratory,100,-0.11953467285712235,0.03699920512093694,-0.12687611785674097,-0.11219322785750374,3.896559845095909e-18,-3.23073624058698,0.0,
rural_town,12,score,loser_share,exploratory,100,0.527625,0.08099006595149977,0.5115548138228933,0.5436951861771068,3.8868994287609845e-18,6.514687866978203,0.0,
rural_town,12,score,majority_welfare,exploratory,100,-0.01232560095928599,0.020259403278798566,-0.016345506100767744,-0.008305695817804234,8.962418464486109e-08,-0.608389141065409,970.0,
rural_town,12,score,min_utility,exploratory,100,0.00949444610338309,0.017071703991533,0.006107049658136562,0.012881842548629618,1.666630638361549e-07,0.55615105018761,1003.0,
rural_town,12,score,p10_utility,exploratory,100,0.009881784069410853,0.014413354458534923,0.007021861844825987,0.012741706293995719,2.051135407338735e-10,0.6855991849669191,676.0,
rural_town,12,score,gini_utility,exploratory,100,-0.021317587831354085,0.031672806033356746,-0.027602159694923585,-0.015033015967784584,1.3192638441071741e-08,-0.6730564954965819,872.0,
rural_town,12,score,supporter_welfare,exploratory,100,-0.018770401948194664,0.0326262233292318,-0.02524415248780526,-0.012296651408584068,1.359538556883011e-06,-0.575316418292801,1120.0,
rural_town,12,score,lambda_winner,exploratory,100,-0.015439126997414943,0.2183410085660224,-0.058762720039732624,0.027884466044902734,0.6396530018516378,-0.07071107300828662,589.0,
rural_town,12,latent_match,minority_welfare,primary,100,0.01618875782360075,0.020549041199588,0.012111382234893732,0.02026613341230777,2.0689769896103186e-13,0.7878108601935807,389.0,1.2413861937661913e-12
rural_town,12,latent_match,total_welfare,primary,100,-0.00941333116697373,0.013575758447610825,-0.01210705617121292,-0.006719606162734541,1.4664276274759544e-09,-0.6933926530366609,766.0,5.8657105099038175e-09
rural_town,12,latent_match,loser_welfare,exploratory,100,0.09949904851019778,0.018293466351423867,0.09586922790642069,0.10312886911397487,3.896559845095909e-18,5.4390483792839674,0.0,
rural_town,12,latent_match,gap,exploratory,100,-0.12857213409703702,0.03454278212913785,-0.1354261714825962,-0.12171809671147786,3.896559845095909e-18,-3.7221128748799495,0.0,
rural_town,12,latent_match,loser_share,exploratory,100,0.5496500000000001,0.07748657426883183,0.5342749825815425,0.5650250174184577,3.8868994287609845e-18,7.093486906429042,0.0,
rural_town,12,latent_match,majority_welfare,exploratory,100,-0.02038565502007707,0.025900680914601407,-0.02552491203291536,-0.01524639800723878,5.300777684835876e-12,-0.7870702352301764,519.0,
rural_town,12,latent_match,min_utility,exploratory,100,0.013733228150825703,0.022322929557301963,0.0093038746271589,0.018162581674492508,2.496364240761498e-08,0.6152072520577158,904.0,
rural_town,12,latent_match,p10_utility,exploratory,100,0.01474845489763819,0.0187283299383318,0.011032347923784054,0.018464561871492327,3.821363693413033e-13,0.7874943973222147,413.0,
rural_town,12,latent_match,gini_utility,exploratory,100,-0.03297979249240635,0.03775697077685534,-0.04047159463800529,-0.025487990346807418,3.821363693413033e-13,-0.8734755944092488,413.0,
rural_town,12,latent_match,supporter_welfare,exploratory,100,-0.029073085586839246,0.03305191748841754,-0.03563130308313461,-0.022514868090543882,8.178235207822125e-12,-0.8796187270232474,537.0,
rural_town,12,latent_match,lambda_winner,exploratory,100,-0.002009060852935651,0.2774107660427954,-0.05705337530640448,0.053035253600533176,0.9141333682123093,-0.007242187754983231,1056.0,
