inheritance_mode,fidelity,treatment,baseline,policy,contrast,metric,mean_diff,ci_lo,ci_hi,n_pairs,sign_agreement,paired_cohen_d
baldwinian,0.7,A_f0.7_cells,C3_f0.7,adaptive_cells,adaptive-static,rate,-0.0029124650580042285,-0.006638879775226853,0.0007492745469602055,30,0.6666666666666666,-0.275169398704776
baldwinian,0.7,A_f0.7_cells,C3_f0.7,adaptive_cells,adaptive-static,delta_cue,-0.0025235067784066508,-0.00667656806478807,0.0017743211697900565,30,0.5666666666666667,-0.20892859031604108
baldwinian,0.7,A_f0.7_cells,C3_f0.7,adaptive_cells,adaptive-static,delta_true,-0.0008986667271163665,-0.004613707000125931,0.002916440401019465,30,0.5333333333333333,-0.08322682108231816
baldwinian,0.7,A_f0.7_cells,C3_f0.7,adaptive_cells,adaptive-static,realised_enforcement,0.020223098828747534,0.00969528769734398,0.030278547658543594,30,0.7333333333333333,0.713364632990823
baldwinian,0.7,A_f0.7_cells,C3_f0.7,adaptive_cells,adaptive-static,mean_mask_overlap,0.011762323943661949,0.010299237089201817,0.01329050762910796,30,1.0,2.7119786814212508
baldwinian,0.7,A_f0.7_cells,C3_f0.7,adaptive_cells,adaptive-static,mean_weight_kl,0.023578814894271594,0.02304432945084254,0.02414432112226301,30,1.0,15.257317798719315
baldwinian,0.7,A_f0.7_cells,C3_f0.7,adaptive_cells,adaptive-static,eval_heldout_delta_cue,-0.01230788358524789,-0.04017607356259405,0.01582675700388106,30,0.6333333333333333,-0.15244025683411994
baldwinian,0.7,A_f0.7_move,C3_f0.7,adaptive_move,adaptive-static,rate,-0.001469098217178394,-0.005151006654232195,0.002163191702189761,30,0.5333333333333333,-0.13866212344343348
baldwinian,0.7,A_f0.7_move,C3_f0.7,adaptive_move,adaptive-static,delta_cue,0.0011155720165944257,-0.003170305942752899,0.005593715436650355,30,0.5666666666666667,0.08599181304039552
baldwinian,0.7,A_f0.7_move,C3_f0.7,adaptive_move,adaptive-static,delta_true,0.0004140154849006812,-0.00392300424001945,0.00495980003141266,30,0.5333333333333333,0.0332766475428649
baldwinian,0.7,A_f0.7_move,C3_f0.7,adaptive_move,adaptive-static,realised_enforcement,0.022181847994152983,0.010546984107761009,0.03304922330473175,30,0.7333333333333333,0.665402276645354
baldwinian,0.7,A_f0.7_move,C3_f0.7,adaptive_move,adaptive-static,mean_mask_overlap,0.03817899061032861,0.03661590375586851,0.03971659330985916,30,1.0,8.823497169917825
baldwinian,0.7,A_f0.7_move,C3_f0.7,adaptive_move,adaptive-static,mean_weight_kl,0.07179211403472649,0.0707565150278071,0.07289848199248135,30,1.0,23.02943902584412
baldwinian,0.7,A_f0.7_move,C3_f0.7,adaptive_move,adaptive-static,eval_heldout_delta_cue,0.00043862810357062537,-0.01933119831946719,0.022344869740050406,30,0.4666666666666667,0.007372547970218913
baldwinian,0.7,A_f0.7_blind,C3_f0.7,adaptive_blind,adaptive-static,rate,-0.007461276214688902,-0.01090029570266656,-0.003908961233858704,30,0.8666666666666667,-0.7674846972304747
baldwinian,0.7,A_f0.7_blind,C3_f0.7,adaptive_blind,adaptive-static,delta_cue,0.006986339563321422,0.002414529650869389,0.011277149190086166,30,0.7666666666666667,0.5370550631602327
baldwinian,0.7,A_f0.7_blind,C3_f0.7,adaptive_blind,adaptive-static,delta_true,0.014885879992124946,0.010144923523496182,0.01960929927678107,30,0.8333333333333334,1.0971033450550836
baldwinian,0.7,A_f0.7_blind,C3_f0.7,adaptive_blind,adaptive-static,realised_enforcement,0.06677961595480249,0.05622016903539605,0.07707596534852015,30,0.9666666666666667,2.2645485328050166
baldwinian,0.7,A_f0.7_blind,C3_f0.7,adaptive_blind,adaptive-static,mean_mask_overlap,0.08302875586854458,0.08130228873239438,0.08480068955399062,30,1.0,16.330406150892124
baldwinian,0.7,A_f0.7_blind,C3_f0.7,adaptive_blind,adaptive-static,mean_weight_kl,0.7210601632357171,0.716018178288822,0.7261060586938336,30,1.0,50.18877901619415
baldwinian,0.7,A_f0.7_blind,C3_f0.7,adaptive_blind,adaptive-static,eval_heldout_delta_cue,-0.01647751612946564,-0.04465424355414836,0.010287897241200515,30,0.5333333333333333,-0.2126141240259235
baldwinian,0.7,A_f0.7_cells,A_f0.7_blind,adaptive_cells,cells-blind,rate,0.0045488111566846755,0.0011837235079787786,0.007950880837152903,30,0.6333333333333333,0.4669390134070602
baldwinian,0.7,A_f0.7_cells,A_f0.7_blind,adaptive_cells,cells-blind,delta_cue,-0.009509846341728072,-0.013895191159951302,-0.005107249017300268,30,0.7666666666666667,-0.7553868290716887
baldwinian,0.7,A_f0.7_cells,A_f0.7_blind,adaptive_cells,cells-blind,delta_true,-0.015784546719241312,-0.02043311403780575,-0.011036766896795542,30,0.8333333333333334,-1.1710126635960825
baldwinian,0.7,A_f0.7_cells,A_f0.7_blind,adaptive_cells,cells-blind,realised_enforcement,-0.04655651712605494,-0.056745993847356936,-0.03523258743017836,30,0.9,-1.5328882714037395
baldwinian,0.7,A_f0.7_cells,A_f0.7_blind,adaptive_cells,cells-blind,mean_mask_overlap,-0.07126643192488265,-0.07301646126760565,-0.06953512323943664,30,1.0,-14.593851587770896
baldwinian,0.7,A_f0.7_cells,A_f0.7_blind,adaptive_cells,cells-blind,mean_weight_kl,-0.6974813483414456,-0.7024819595450841,-0.6923879352116091,30,1.0,-48.788456176092446
baldwinian,0.7,A_f0.7_cells,A_f0.7_blind,adaptive_cells,cells-blind,eval_heldout_delta_cue,0.004169632544217753,-0.02461178176214637,0.03611358345847505,30,0.43333333333333335,0.0490517637269219
baldwinian,0.7,A_f0.7_move,A_f0.7_cells,adaptive_move,move-cells,rate,0.001443366840825834,-0.0011303904557336119,0.004203408793049117,30,0.5666666666666667,0.18418767063464925
baldwinian,0.7,A_f0.7_move,A_f0.7_cells,adaptive_move,move-cells,delta_cue,0.0036390787950010763,-0.0006150404240112004,0.007725022760860667,30,0.6333333333333333,0.30110088372202937
baldwinian,0.7,A_f0.7_move,A_f0.7_cells,adaptive_move,move-cells,delta_true,0.0013126822120170477,-0.002191283234368169,0.005288179932620028,30,0.5333333333333333,0.11966252547722768
baldwinian,0.7,A_f0.7_move,A_f0.7_cells,adaptive_move,move-cells,realised_enforcement,0.0019587491654054472,-0.008933091644291232,0.012809056608181688,30,0.4666666666666667,0.0613402330509441
baldwinian,0.7,A_f0.7_move,A_f0.7_cells,adaptive_move,move-cells,mean_mask_overlap,0.026416666666666658,0.024686414319248822,0.02808174882629101,30,1.0,5.441131242873458
baldwinian,0.7,A_f0.7_move,A_f0.7_cells,adaptive_move,move-cells,mean_weight_kl,0.04821329914045491,0.04724577107646056,0.04925346424003454,30,1.0,17.15605592819464
baldwinian,0.7,A_f0.7_move,A_f0.7_cells,adaptive_move,move-cells,eval_heldout_delta_cue,0.012746511688818518,-0.014771990281799747,0.04339140026699697,30,0.5666666666666667,0.1514333487899892
baldwinian,0.9,A_f0.9_cells,C3_f0.9,adaptive_cells,adaptive-static,rate,-0.0005306699650591347,-0.004711162032612501,0.0033293473974899896,30,0.5,-0.04588021449194676
baldwinian,0.9,A_f0.9_cells,C3_f0.9,adaptive_cells,adaptive-static,delta_cue,0.0044076434112466775,-0.0009684744754769457,0.009966307366082741,30,0.6,0.2719438051440123
baldwinian,0.9,A_f0.9_cells,C3_f0.9,adaptive_cells,adaptive-static,delta_true,0.004295447273489618,-0.0010221277755235606,0.009731214454750526,30,0.6333333333333333,0.27060645592800614
baldwinian,0.9,A_f0.9_cells,C3_f0.9,adaptive_cells,adaptive-static,realised_enforcement,0.007922709872796523,-0.00399660439298439,0.01999120883576887,30,0.6333333333333333,0.22828291453006447
baldwinian,0.9,A_f0.9_cells,C3_f0.9,adaptive_cells,adaptive-static,mean_mask_overlap,0.009130281690140825,0.007608524061032827,0.010637998826291056,30,1.0,2.0666840362739682
baldwinian,0.9,A_f0.9_cells,C3_f0.9,adaptive_cells,adaptive-static,mean_weight_kl,0.021091965348247445,0.020605948555590156,0.021605915488489842,30,1.0,14.34638103678447
baldwinian,0.9,A_f0.9_cells,C3_f0.9,adaptive_cells,adaptive-static,eval_heldout_delta_cue,0.034703042755810376,-0.0008111816126913293,0.07509795615145307,30,0.6,0.3139707527212694
baldwinian,0.9,A_f0.9_move,C3_f0.9,adaptive_move,adaptive-static,rate,-0.0012462460188536967,-0.005334218879771091,0.003144514923947696,30,0.5333333333333333,-0.10218573374696902
baldwinian,0.9,A_f0.9_move,C3_f0.9,adaptive_move,adaptive-static,delta_cue,-0.0006634540941183831,-0.006195143356061775,0.004557692346087271,30,0.6,-0.04172109834822359
baldwinian,0.9,A_f0.9_move,C3_f0.9,adaptive_move,adaptive-static,delta_true,0.0002441514096501283,-0.005089073833246828,0.005486778765042936,30,0.5,0.01572143014528985
baldwinian,0.9,A_f0.9_move,C3_f0.9,adaptive_move,adaptive-static,realised_enforcement,0.01838240502338439,0.0052149478437302586,0.031669337959093234,30,0.7,0.48583029947806294
baldwinian,0.9,A_f0.9_move,C3_f0.9,adaptive_move,adaptive-static,mean_mask_overlap,0.038059272300469495,0.03647146420187791,0.03957574823943659,30,1.0,8.240973841475212
baldwinian,0.9,A_f0.9_move,C3_f0.9,adaptive_move,adaptive-static,mean_weight_kl,0.07018586475996727,0.06912956205920891,0.07128630887316992,30,1.0,22.194861591239796
baldwinian,0.9,A_f0.9_move,C3_f0.9,adaptive_move,adaptive-static,eval_heldout_delta_cue,0.019297062263485067,-0.01590444512023938,0.053652917938486026,30,0.5666666666666667,0.19196977665763662
baldwinian,0.9,A_f0.9_blind,C3_f0.9,adaptive_blind,adaptive-static,rate,-0.007761734345766524,-0.012739628973641573,-0.002689763445456073,30,0.7333333333333333,-0.5428557685155385
baldwinian,0.9,A_f0.9_blind,C3_f0.9,adaptive_blind,adaptive-static,delta_cue,0.009426727744065886,0.004234032196369966,0.014693905152876623,30,0.7,0.6201959752300242
baldwinian,0.9,A_f0.9_blind,C3_f0.9,adaptive_blind,adaptive-static,delta_true,0.011937751679390618,0.006738186210953848,0.017369681145482437,30,0.7666666666666667,0.7785044003030173
baldwinian,0.9,A_f0.9_blind,C3_f0.9,adaptive_blind,adaptive-static,realised_enforcement,0.07405620291993785,0.06038910860755986,0.08900121289721884,30,0.9666666666666667,1.7616839534223674
baldwinian,0.9,A_f0.9_blind,C3_f0.9,adaptive_blind,adaptive-static,mean_mask_overlap,0.08308157276995307,0.0809197769953052,0.08523915786384978,30,1.0,13.612484034802689
baldwinian,0.9,A_f0.9_blind,C3_f0.9,adaptive_blind,adaptive-static,mean_weight_kl,0.7258474511933747,0.7192061431369704,0.7318648734096367,30,1.0,40.44142645295513
baldwinian,0.9,A_f0.9_blind,C3_f0.9,adaptive_blind,adaptive-static,eval_heldout_delta_cue,0.018766119293763785,-0.01839004984555746,0.058707236496379246,30,0.5666666666666667,0.17138594325468184
baldwinian,0.9,A_f0.9_cells,A_f0.9_blind,adaptive_cells,cells-blind,rate,0.00723106438070739,0.002904016122195736,0.01150962300852897,30,0.7666666666666667,0.5715226172701218
baldwinian,0.9,A_f0.9_cells,A_f0.9_blind,adaptive_cells,cells-blind,delta_cue,-0.005019084332819209,-0.010816802361387675,0.000809265842388143,30,0.7333333333333333,-0.2958883373789281
baldwinian,0.9,A_f0.9_cells,A_f0.9_blind,adaptive_cells,cells-blind,delta_true,-0.007642304405901002,-0.013770295399492708,-0.0015848011845818342,30,0.7,-0.4302952727783962
baldwinian,0.9,A_f0.9_cells,A_f0.9_blind,adaptive_cells,cells-blind,realised_enforcement,-0.06613349304714132,-0.080498111571052,-0.0524408133345641,30,0.9666666666666667,-1.622600688967867
baldwinian,0.9,A_f0.9_cells,A_f0.9_blind,adaptive_cells,cells-blind,mean_mask_overlap,-0.07395129107981223,-0.07588557805164327,-0.07211616784037561,30,1.0,-14.0010760046293
baldwinian,0.9,A_f0.9_cells,A_f0.9_blind,adaptive_cells,cells-blind,mean_weight_kl,-0.704755485845127,-0.7107096485472215,-0.698146425731315,30,1.0,-39.49273631069254
baldwinian,0.9,A_f0.9_cells,A_f0.9_blind,adaptive_cells,cells-blind,eval_heldout_delta_cue,0.015936923462046587,-0.030733706130657092,0.06839564686176115,30,0.5666666666666667,0.11394806209032428
baldwinian,0.9,A_f0.9_move,A_f0.9_cells,adaptive_move,move-cells,rate,-0.000715576053794562,-0.005041891130308312,0.0036621172552941082,30,0.6,-0.05798756524306966
baldwinian,0.9,A_f0.9_move,A_f0.9_cells,adaptive_move,move-cells,delta_cue,-0.0050710975053650615,-0.010612638172225245,0.0004505896441470849,30,0.5666666666666667,-0.32683568769726196
baldwinian,0.9,A_f0.9_move,A_f0.9_cells,adaptive_move,move-cells,delta_true,-0.00405129586383949,-0.009391174272866344,0.0013509547994002271,30,0.5666666666666667,-0.2671385447121283
baldwinian,0.9,A_f0.9_move,A_f0.9_cells,adaptive_move,move-cells,realised_enforcement,0.010459695150587868,-9.722031003907155e-05,0.020562370810967276,30,0.6666666666666666,0.3600919485971293
baldwinian,0.9,A_f0.9_move,A_f0.9_cells,adaptive_move,move-cells,mean_mask_overlap,0.028928990610328664,0.02781977699530519,0.03003013497652586,30,1.0,8.62363403300651
baldwinian,0.9,A_f0.9_move,A_f0.9_cells,adaptive_move,move-cells,mean_weight_kl,0.049093899411719814,0.048142426710884395,0.05006874936310026,30,1.0,17.68738219509466
baldwinian,0.9,A_f0.9_move,A_f0.9_cells,adaptive_move,move-cells,eval_heldout_delta_cue,-0.01540598049232531,-0.05526509295303993,0.02142787280241784,30,0.5333333333333333,-0.1351260945619225
baldwinian,1.0,A_f1_cells,C2,adaptive_cells,adaptive-static,rate,0.00036740285245073133,-0.0026150868808779986,0.003324215851494466,30,0.5333333333333333,0.04331739701065868
baldwinian,1.0,A_f1_cells,C2,adaptive_cells,adaptive-static,delta_cue,0.003410784032237564,-0.0023042049937807368,0.00875672700732346,30,0.7,0.2143046519019345
baldwinian,1.0,A_f1_cells,C2,adaptive_cells,adaptive-static,delta_true,0.003410784032237564,-0.0023042049937807368,0.00875672700732346,30,0.7,0.2143046519019345
baldwinian,1.0,A_f1_cells,C2,adaptive_cells,adaptive-static,realised_enforcement,0.012008705935039455,0.003172890207632329,0.021572753892252834,30,0.6,0.450935534538222
baldwinian,1.0,A_f1_cells,C2,adaptive_cells,adaptive-static,mean_mask_overlap,0.010178403755868511,0.00848874706572765,0.011931059272300435,30,1.0,2.1591846960755086
baldwinian,1.0,A_f1_cells,C2,adaptive_cells,adaptive-static,mean_weight_kl,0.019076226670811665,0.01862197065424567,0.019546056238023933,30,1.0,13.982994259889766
baldwinian,1.0,A_f1_cells,C2,adaptive_cells,adaptive-static,eval_heldout_delta_cue,-0.0012661887243737107,-0.0490368698621654,0.04576052004505738,30,0.6,-0.009416555040405342
baldwinian,1.0,A_f1_move,C2,adaptive_move,adaptive-static,rate,-0.0023062962603942238,-0.004436796786612598,-0.00017006500904510029,30,0.6,-0.37140942301145347
baldwinian,1.0,A_f1_move,C2,adaptive_move,adaptive-static,delta_cue,0.001230004684858362,-0.004084786964656032,0.0065976241027250445,30,0.6,0.08170439831504912
baldwinian,1.0,A_f1_move,C2,adaptive_move,adaptive-static,delta_true,0.001230004684858362,-0.004084786964656032,0.0065976241027250445,30,0.6,0.08170439831504912
baldwinian,1.0,A_f1_move,C2,adaptive_move,adaptive-static,realised_enforcement,0.013415180222373587,0.004063563675747674,0.02308192036333446,30,0.7,0.49600206916083167
baldwinian,1.0,A_f1_move,C2,adaptive_move,adaptive-static,mean_mask_overlap,0.03866549295774648,0.03701166373239439,0.040274735915492875,30,1.0,8.147711639920633
baldwinian,1.0,A_f1_move,C2,adaptive_move,adaptive-static,mean_weight_kl,0.0695063696943389,0.06816951886371876,0.07080196441667656,30,1.0,18.59368163143575
baldwinian,1.0,A_f1_move,C2,adaptive_move,adaptive-static,eval_heldout_delta_cue,0.009265151762724005,-0.03165647305400017,0.047700059688162474,30,0.5,0.0811135922400129
baldwinian,1.0,A_f1_blind,C2,adaptive_blind,adaptive-static,rate,-0.012958718575522528,-0.016329162596132155,-0.009439142991176366,30,0.9,-1.336794515724915
baldwinian,1.0,A_f1_blind,C2,adaptive_blind,adaptive-static,delta_cue,0.00699101887081305,0.0011235251600596084,0.013022271949250699,30,0.6333333333333333,0.4178345978843491
baldwinian,1.0,A_f1_blind,C2,adaptive_blind,adaptive-static,delta_true,0.00699101887081305,0.0011235251600596084,0.013022271949250699,30,0.6333333333333333,0.4178345978843491
baldwinian,1.0,A_f1_blind,C2,adaptive_blind,adaptive-static,realised_enforcement,0.07863007023819552,0.06872517637953947,0.08947164146827796,30,1.0,2.797226977631071
baldwinian,1.0,A_f1_blind,C2,adaptive_blind,adaptive-static,mean_mask_overlap,0.07928345070422531,0.07788554870892012,0.08077837441314552,30,1.0,18.565720891701716
baldwinian,1.0,A_f1_blind,C2,adaptive_blind,adaptive-static,mean_weight_kl,0.7327438361564489,0.7267084129927528,0.7386942653495338,30,1.0,44.63035873470851
baldwinian,1.0,A_f1_blind,C2,adaptive_blind,adaptive-static,eval_heldout_delta_cue,0.014620224111512018,-0.03218877018018315,0.06581532288589285,30,0.4666666666666667,0.10768191451315169
baldwinian,1.0,A_f1_cells,A_f1_blind,adaptive_cells,cells-blind,rate,0.013326121427973257,0.009959539220841033,0.016670540645109273,30,0.9333333333333333,1.4019646566052881
baldwinian,1.0,A_f1_cells,A_f1_blind,adaptive_cells,cells-blind,delta_cue,-0.003580234838575487,-0.009765242591908292,0.0030776226613605877,30,0.6,-0.20251129396009243
baldwinian,1.0,A_f1_cells,A_f1_blind,adaptive_cells,cells-blind,delta_true,-0.003580234838575487,-0.009765242591908292,0.0030776226613605877,30,0.6,-0.20251129396009243
baldwinian,1.0,A_f1_cells,A_f1_blind,adaptive_cells,cells-blind,realised_enforcement,-0.06662136430315604,-0.08074674933199842,-0.053458672653693175,30,0.9666666666666667,-1.730304765205925
baldwinian,1.0,A_f1_cells,A_f1_blind,adaptive_cells,cells-blind,mean_mask_overlap,-0.06910504694835681,-0.07103440434272307,-0.06726911678403752,30,1.0,-12.755109942522438
baldwinian,1.0,A_f1_cells,A_f1_blind,adaptive_cells,cells-blind,mean_weight_kl,-0.7136676094856373,-0.719386213927193,-0.7078423599103493,30,1.0,-44.52200791956167
baldwinian,1.0,A_f1_cells,A_f1_blind,adaptive_cells,cells-blind,eval_heldout_delta_cue,-0.01588641283588574,-0.0472030916570145,0.016573159241489627,30,0.5666666666666667,-0.1719590966274375
baldwinian,1.0,A_f1_move,A_f1_cells,adaptive_move,move-cells,rate,-0.002673699112844955,-0.005592601890811076,0.0002087142053442313,30,0.5666666666666667,-0.318535154605278
baldwinian,1.0,A_f1_move,A_f1_cells,adaptive_move,move-cells,delta_cue,-0.0021807793473792017,-0.007542617960646728,0.003349175730977227,30,0.5666666666666667,-0.1366872267977117
baldwinian,1.0,A_f1_move,A_f1_cells,adaptive_move,move-cells,delta_true,-0.0021807793473792017,-0.007542617960646728,0.003349175730977227,30,0.5666666666666667,-0.1366872267977117
baldwinian,1.0,A_f1_move,A_f1_cells,adaptive_move,move-cells,realised_enforcement,0.0014064742873341307,-0.008021349249503167,0.0110517744632175,30,0.5333333333333333,0.05108768314554105
baldwinian,1.0,A_f1_move,A_f1_cells,adaptive_move,move-cells,mean_mask_overlap,0.02848708920187797,0.02708786678403754,0.029855677816901488,30,1.0,7.036981237948099
baldwinian,1.0,A_f1_move,A_f1_cells,adaptive_move,move-cells,mean_weight_kl,0.05043014302352723,0.04906620879250771,0.0517350388423642,30,1.0,13.46960061473185
baldwinian,1.0,A_f1_move,A_f1_cells,adaptive_move,move-cells,eval_heldout_delta_cue,0.010531340487097715,-0.03483792659451943,0.05424987750214799,30,0.5666666666666667,0.08217808696210772
lamarckian,0.7,A_f0.7_cells,C3_f0.7,adaptive_cells,adaptive-static,rate,-0.007000681021210096,-0.012614128184773978,-0.0014608799367226636,30,0.7666666666666667,-0.4465233855804558
lamarckian,0.7,A_f0.7_cells,C3_f0.7,adaptive_cells,adaptive-static,delta_cue,-0.007695060998686296,-0.017960261093274962,0.002686090008445515,30,0.6333333333333333,-0.2659028989640377
lamarckian,0.7,A_f0.7_cells,C3_f0.7,adaptive_cells,adaptive-static,delta_true,-0.005708787729291002,-0.012286167093122514,0.0014557600198871108,30,0.7,-0.2993932197394239
lamarckian,0.7,A_f0.7_cells,C3_f0.7,adaptive_cells,adaptive-static,realised_enforcement,0.021248480145522667,0.012913008224835563,0.02904369286516057,30,0.8666666666666667,0.9319083686306217
lamarckian,0.7,A_f0.7_cells,C3_f0.7,adaptive_cells,adaptive-static,mean_mask_overlap,0.01010915492957747,0.00843820422535216,0.01192139084507045,30,0.9666666666666667,2.09773020912135
lamarckian,0.7,A_f0.7_cells,C3_f0.7,adaptive_cells,adaptive-static,mean_weight_kl,0.02147891653504352,0.02107962503522436,0.021908662259612566,30,1.0,18.086064256989776
lamarckian,0.7,A_f0.7_cells,C3_f0.7,adaptive_cells,adaptive-static,eval_heldout_delta_cue,0.0182873189094133,-0.04077686709933115,0.0781549667854159,30,0.6333333333333333,0.11120377836890341
lamarckian,0.7,A_f0.7_move,C3_f0.7,adaptive_move,adaptive-static,rate,-0.00422281760144487,-0.009696460965325624,0.0012128497274378077,30,0.6,-0.27117520362944925
lamarckian,0.7,A_f0.7_move,C3_f0.7,adaptive_move,adaptive-static,delta_cue,-0.000345377774161786,-0.011448212500452564,0.011065929400690361,30,0.5333333333333333,-0.010890998525252443
lamarckian,0.7,A_f0.7_move,C3_f0.7,adaptive_move,adaptive-static,delta_true,-0.0013171280702129887,-0.008805323360106976,0.006484695632528521,30,0.5333333333333333,-0.06048033607974062
lamarckian,0.7,A_f0.7_move,C3_f0.7,adaptive_move,adaptive-static,realised_enforcement,0.018213394328911375,0.008600761390703076,0.0283529197129047,30,0.7333333333333333,0.6282723498373604
lamarckian,0.7,A_f0.7_move,C3_f0.7,adaptive_move,adaptive-static,mean_mask_overlap,0.04473767605633801,0.043269894366197124,0.04622970950704224,30,1.0,10.490742339204603
lamarckian,0.7,A_f0.7_move,C3_f0.7,adaptive_move,adaptive-static,mean_weight_kl,0.08498063649251236,0.08343105908380885,0.0864987751778156,30,1.0,19.030270608320258
lamarckian,0.7,A_f0.7_move,C3_f0.7,adaptive_move,adaptive-static,eval_heldout_delta_cue,0.03277595178635587,-0.03494774507229145,0.10295207617243922,30,0.6,0.16977273454613628
lamarckian,0.7,A_f0.7_blind,C3_f0.7,adaptive_blind,adaptive-static,rate,-0.02635566319333612,-0.03318446909660095,-0.019753695671919307,30,0.9333333333333333,-1.3721301918500988
lamarckian,0.7,A_f0.7_blind,C3_f0.7,adaptive_blind,adaptive-static,delta_cue,-0.024461453722982356,-0.03677416609091221,-0.012901476612456034,30,0.7666666666666667,-0.7205135957001111
lamarckian,0.7,A_f0.7_blind,C3_f0.7,adaptive_blind,adaptive-static,delta_true,-0.008265558882337494,-0.016659688148301,0.0002019067615754421,30,0.7,-0.3430469059404403
lamarckian,0.7,A_f0.7_blind,C3_f0.7,adaptive_blind,adaptive-static,realised_enforcement,0.09322220057476507,0.07852911764876762,0.10796727063772993,30,1.0,2.293174753497675
lamarckian,0.7,A_f0.7_blind,C3_f0.7,adaptive_blind,adaptive-static,mean_mask_overlap,0.08821244131455401,0.08640487089201879,0.09002222711267605,30,1.0,16.999402569714555
lamarckian,0.7,A_f0.7_blind,C3_f0.7,adaptive_blind,adaptive-static,mean_weight_kl,0.7127601138336451,0.7046135252433661,0.7203416146391283,30,1.0,31.82326919854995
lamarckian,0.7,A_f0.7_blind,C3_f0.7,adaptive_blind,adaptive-static,eval_heldout_delta_cue,-0.048428536649610866,-0.12026985435229391,0.025726295605787725,30,0.6333333333333333,-0.2266801045230731
lamarckian,0.7,A_f0.7_cells,A_f0.7_blind,adaptive_cells,cells-blind,rate,0.019354982172126032,0.01422883978788298,0.024382619459173242,30,0.8666666666666667,1.2883178528921964
lamarckian,0.7,A_f0.7_cells,A_f0.7_blind,adaptive_cells,cells-blind,delta_cue,0.01676639272429605,0.00786849186664533,0.02623523089153212,30,0.7333333333333333,0.6251872431744812
lamarckian,0.7,A_f0.7_cells,A_f0.7_blind,adaptive_cells,cells-blind,delta_true,0.0025567711530464932,-0.004015879457712072,0.009481402044689433,30,0.5333333333333333,0.12951234841773052
lamarckian,0.7,A_f0.7_cells,A_f0.7_blind,adaptive_cells,cells-blind,realised_enforcement,-0.07197372042924238,-0.08748301481553737,-0.057318781552522395,30,0.9333333333333333,-1.6818410122293561
lamarckian,0.7,A_f0.7_cells,A_f0.7_blind,adaptive_cells,cells-blind,mean_mask_overlap,-0.0781032863849765,-0.07975780516431923,-0.07635030809859152,30,1.0,-16.186762835379724
lamarckian,0.7,A_f0.7_cells,A_f0.7_blind,adaptive_cells,cells-blind,mean_weight_kl,-0.6912811972986016,-0.6986442314879808,-0.6832944744476552,30,1.0,-31.523964633030822
lamarckian,0.7,A_f0.7_cells,A_f0.7_blind,adaptive_cells,cells-blind,eval_heldout_delta_cue,0.06671585555902416,4.1874929695736085e-06,0.12814535955760864,30,0.7,0.3630152081133582
lamarckian,0.7,A_f0.7_move,A_f0.7_cells,adaptive_move,move-cells,rate,0.002777863419765225,-0.0016022408879721932,0.0072016451912896495,30,0.6333333333333333,0.21742507650597853
lamarckian,0.7,A_f0.7_move,A_f0.7_cells,adaptive_move,move-cells,delta_cue,0.007349683224524511,-0.0012817425492478531,0.016395095826064004,30,0.6333333333333333,0.28933197542952444
lamarckian,0.7,A_f0.7_move,A_f0.7_cells,adaptive_move,move-cells,delta_true,0.004391659659078012,-0.002026853348918702,0.011099928399939644,30,0.6666666666666666,0.23135513362482665
lamarckian,0.7,A_f0.7_move,A_f0.7_cells,adaptive_move,move-cells,realised_enforcement,-0.0030350858166112975,-0.012990880049687629,0.007931795252852543,30,0.6333333333333333,-0.10136043277860894
lamarckian,0.7,A_f0.7_move,A_f0.7_cells,adaptive_move,move-cells,mean_mask_overlap,0.034628521126760535,0.03270655809859151,0.03659477699530517,30,1.0,6.272019198700772
lamarckian,0.7,A_f0.7_move,A_f0.7_cells,adaptive_move,move-cells,mean_weight_kl,0.06350171995746884,0.061842024157390554,0.065037058751479,30,1.0,13.829380931903499
lamarckian,0.7,A_f0.7_move,A_f0.7_cells,adaptive_move,move-cells,eval_heldout_delta_cue,0.01448863287694257,-0.03976771316046698,0.0708705578162137,30,0.6,0.08963326060797042
lamarckian,0.9,A_f0.9_cells,C3_f0.9,adaptive_cells,adaptive-static,rate,-0.006377865091667593,-0.012793458143177842,0.0003040742460523064,30,0.6333333333333333,-0.338057860697413
lamarckian,0.9,A_f0.9_cells,C3_f0.9,adaptive_cells,adaptive-static,delta_cue,-0.002079827830928983,-0.015505470000823243,0.01130482097240725,30,0.5,-0.054939917916655305
lamarckian,0.9,A_f0.9_cells,C3_f0.9,adaptive_cells,adaptive-static,delta_true,-0.0009138179329920809,-0.013210201655597194,0.011105447038929139,30,0.5,-0.02664310307311503
lamarckian,0.9,A_f0.9_cells,C3_f0.9,adaptive_cells,adaptive-static,realised_enforcement,0.008618089750579198,0.0016714747290656772,0.01614208971705746,30,0.7,0.41474088222483807
lamarckian,0.9,A_f0.9_cells,C3_f0.9,adaptive_cells,adaptive-static,mean_mask_overlap,0.0076021126760563145,0.005768647300469472,0.009233568075117325,30,0.9666666666666667,1.5674811265225788
lamarckian,0.9,A_f0.9_cells,C3_f0.9,adaptive_cells,adaptive-static,mean_weight_kl,0.01597154013141615,0.015557874318705278,0.01640443983874175,30,1.0,13.809771309182434
lamarckian,0.9,A_f0.9_cells,C3_f0.9,adaptive_cells,adaptive-static,eval_heldout_delta_cue,0.035953730926589864,-0.015492451789841362,0.08772030356228244,30,0.5333333333333333,0.2539929164972998
lamarckian,0.9,A_f0.9_move,C3_f0.9,adaptive_move,adaptive-static,rate,-0.011199521475188497,-0.01922915192142826,-0.0034304959301663593,30,0.6666666666666666,-0.4906776781656564
lamarckian,0.9,A_f0.9_move,C3_f0.9,adaptive_move,adaptive-static,delta_cue,-0.011366111508523614,-0.028239080573431136,0.004212448333931805,30,0.5333333333333333,-0.24290630783662012
lamarckian,0.9,A_f0.9_move,C3_f0.9,adaptive_move,adaptive-static,delta_true,-0.011801518380196007,-0.02722749205463441,0.0024132576645518994,30,0.5666666666666667,-0.27668065146306575
lamarckian,0.9,A_f0.9_move,C3_f0.9,adaptive_move,adaptive-static,realised_enforcement,0.026491313393513082,0.016779864472250692,0.03667920185007245,30,0.8666666666666667,0.913535472257686
lamarckian,0.9,A_f0.9_move,C3_f0.9,adaptive_move,adaptive-static,mean_mask_overlap,0.04420539906103285,0.04252488262910799,0.04590805457746477,30,1.0,8.78473037058872
lamarckian,0.9,A_f0.9_move,C3_f0.9,adaptive_move,adaptive-static,mean_weight_kl,0.08345401891937623,0.0817354802118255,0.08548551846913062,30,1.0,15.806782675316462
lamarckian,0.9,A_f0.9_move,C3_f0.9,adaptive_move,adaptive-static,eval_heldout_delta_cue,0.0004757097308339814,-0.04692272535295194,0.044977221947472106,30,0.43333333333333335,0.0036496520469165576
lamarckian,0.9,A_f0.9_blind,C3_f0.9,adaptive_blind,adaptive-static,rate,-0.03731532199690811,-0.04360245205083658,-0.03128010935848364,30,1.0,-2.175406640849541
lamarckian,0.9,A_f0.9_blind,C3_f0.9,adaptive_blind,adaptive-static,delta_cue,-0.03232883525762234,-0.047163849564172765,-0.01731187831242241,30,0.7666666666666667,-0.7734278142472194
lamarckian,0.9,A_f0.9_blind,C3_f0.9,adaptive_blind,adaptive-static,delta_true,-0.024527024820826325,-0.03759294330351961,-0.011798390844689683,30,0.7333333333333333,-0.653386328834012
lamarckian,0.9,A_f0.9_blind,C3_f0.9,adaptive_blind,adaptive-static,realised_enforcement,0.07869349916316933,0.0685719119228466,0.08851403129578081,30,1.0,2.7094168000619496
lamarckian,0.9,A_f0.9_blind,C3_f0.9,adaptive_blind,adaptive-static,mean_mask_overlap,0.0852734741784038,0.08302225645539908,0.08745644072769951,30,1.0,13.316684116107547
lamarckian,0.9,A_f0.9_blind,C3_f0.9,adaptive_blind,adaptive-static,mean_weight_kl,0.6943567987337131,0.6866201362266103,0.7018850795898608,30,1.0,32.235037529816665
lamarckian,0.9,A_f0.9_blind,C3_f0.9,adaptive_blind,adaptive-static,eval_heldout_delta_cue,-0.018565000730231165,-0.07002469101360763,0.03383283270451057,30,0.5333333333333333,-0.1262551809379104
lamarckian,0.9,A_f0.9_cells,A_f0.9_blind,adaptive_cells,cells-blind,rate,0.03093745690524051,0.025174119994857923,0.037247465511261214,30,1.0,1.8318764412811808
lamarckian,0.9,A_f0.9_cells,A_f0.9_blind,adaptive_cells,cells-blind,delta_cue,0.030249007426693356,0.014932006237091639,0.045413555719416396,30,0.8333333333333334,0.7159839674206174
lamarckian,0.9,A_f0.9_cells,A_f0.9_blind,adaptive_cells,cells-blind,delta_true,0.023613206887834248,0.010456428408260013,0.037049150087114756,30,0.8,0.6428594791692276
lamarckian,0.9,A_f0.9_cells,A_f0.9_blind,adaptive_cells,cells-blind,realised_enforcement,-0.07007540941259012,-0.08033575613106374,-0.05961779039028477,30,1.0,-2.3470953281480207
lamarckian,0.9,A_f0.9_cells,A_f0.9_blind,adaptive_cells,cells-blind,mean_mask_overlap,-0.07767136150234745,-0.07994734448356815,-0.07536600645539909,30,1.0,-11.960496296148811
lamarckian,0.9,A_f0.9_cells,A_f0.9_blind,adaptive_cells,cells-blind,mean_weight_kl,-0.678385258602297,-0.6859364682058314,-0.6708070460223571,30,1.0,-31.703847918955486
lamarckian,0.9,A_f0.9_cells,A_f0.9_blind,adaptive_cells,cells-blind,eval_heldout_delta_cue,0.05451873165682104,-0.004428652282207938,0.11108170860339689,30,0.7333333333333333,0.32723045882365787
lamarckian,0.9,A_f0.9_move,A_f0.9_cells,adaptive_move,move-cells,rate,-0.004821656383520906,-0.01147737319039632,0.0010340362271794331,30,0.6,-0.2709741754924976
lamarckian,0.9,A_f0.9_move,A_f0.9_cells,adaptive_move,move-cells,delta_cue,-0.00928628367759463,-0.02498054657733739,0.0051370291241758,30,0.5666666666666667,-0.21457324523449753
lamarckian,0.9,A_f0.9_move,A_f0.9_cells,adaptive_move,move-cells,delta_true,-0.010887700447203929,-0.025714909534434022,0.0027708327760395343,30,0.6,-0.26631848136848174
lamarckian,0.9,A_f0.9_move,A_f0.9_cells,adaptive_move,move-cells,realised_enforcement,0.017873223642933887,0.009222299738105675,0.02683311074344698,30,0.7666666666666667,0.704612550036536
lamarckian,0.9,A_f0.9_move,A_f0.9_cells,adaptive_move,move-cells,mean_mask_overlap,0.03660328638497654,0.034676848591549285,0.0385418280516432,30,1.0,6.589771558481784
lamarckian,0.9,A_f0.9_move,A_f0.9_cells,adaptive_move,move-cells,mean_weight_kl,0.06748247878796007,0.06568272274737141,0.06955345724609327,30,1.0,12.17683471116535
lamarckian,0.9,A_f0.9_move,A_f0.9_cells,adaptive_move,move-cells,eval_heldout_delta_cue,-0.035478021195755875,-0.10129453608322231,0.031387157885580864,30,0.5,-0.19425411876239734
lamarckian,1.0,A_f1_cells,C2,adaptive_cells,adaptive-static,rate,-0.003211925377767526,-0.010934444656254257,0.004953083597028446,30,0.6333333333333333,-0.1389280765753047
lamarckian,1.0,A_f1_cells,C2,adaptive_cells,adaptive-static,delta_cue,-0.005923436751598314,-0.025002868036679345,0.012181244485422958,30,0.5666666666666667,-0.10778450595049142
lamarckian,1.0,A_f1_cells,C2,adaptive_cells,adaptive-static,delta_true,-0.005923436751598314,-0.025002868036679345,0.012181244485422958,30,0.5666666666666667,-0.10778450595049142
lamarckian,1.0,A_f1_cells,C2,adaptive_cells,adaptive-static,realised_enforcement,0.0010807924393571825,-0.005011540293781665,0.0073748451410836245,30,0.5,0.05984134736401532
lamarckian,1.0,A_f1_cells,C2,adaptive_cells,adaptive-static,mean_mask_overlap,0.004897887323943652,0.003430736502347387,0.006481338028169005,30,0.8666666666666667,1.1063833324659305
lamarckian,1.0,A_f1_cells,C2,adaptive_cells,adaptive-static,mean_weight_kl,0.010680218404290233,0.01031741364586779,0.011046704471399887,30,1.0,10.439665374044015
lamarckian,1.0,A_f1_cells,C2,adaptive_cells,adaptive-static,eval_heldout_delta_cue,-0.019192191366645028,-0.07380753767975119,0.03696018310727986,30,0.5,-0.12165417829719795
lamarckian,1.0,A_f1_move,C2,adaptive_move,adaptive-static,rate,-0.0014307969525607386,-0.009159044398826905,0.006253213700766111,30,0.6333333333333333,-0.0656271458202616
lamarckian,1.0,A_f1_move,C2,adaptive_move,adaptive-static,delta_cue,0.006099385437305649,-0.014007173733920084,0.027729898966533998,30,0.5,0.10114645924918989
lamarckian,1.0,A_f1_move,C2,adaptive_move,adaptive-static,delta_true,0.006099385437305649,-0.014007173733920084,0.027729898966533998,30,0.5,0.10114645924918989
lamarckian,1.0,A_f1_move,C2,adaptive_move,adaptive-static,realised_enforcement,0.004130203617110337,-0.002537135558368915,0.010861191865629347,30,0.6333333333333333,0.2081082454686153
lamarckian,1.0,A_f1_move,C2,adaptive_move,adaptive-static,mean_mask_overlap,0.043735915492957786,0.04184740316901413,0.045533524061032865,30,1.0,8.181691935023197
lamarckian,1.0,A_f1_move,C2,adaptive_move,adaptive-static,mean_weight_kl,0.08389658812467214,0.08197284469566163,0.08580769359071326,30,1.0,15.406473278061297
lamarckian,1.0,A_f1_move,C2,adaptive_move,adaptive-static,eval_heldout_delta_cue,-0.04069557011812966,-0.09075855054425229,0.00946479341862932,30,0.5666666666666667,-0.30036666286328983
lamarckian,1.0,A_f1_blind,C2,adaptive_blind,adaptive-static,rate,-0.03337553565509087,-0.03915650526694055,-0.027323718626087182,30,0.9666666666666667,-1.925969206907529
lamarckian,1.0,A_f1_blind,C2,adaptive_blind,adaptive-static,delta_cue,-0.023879297039542887,-0.04238489051189585,-0.0056458815573444095,30,0.6666666666666666,-0.4452459051978179
lamarckian,1.0,A_f1_blind,C2,adaptive_blind,adaptive-static,delta_true,-0.023879297039542887,-0.04238489051189585,-0.0056458815573444095,30,0.6666666666666666,-0.4452459051978179
lamarckian,1.0,A_f1_blind,C2,adaptive_blind,adaptive-static,realised_enforcement,0.042889182715583264,0.035525602833160946,0.050522751841745484,30,1.0,1.898495191136448
lamarckian,1.0,A_f1_blind,C2,adaptive_blind,adaptive-static,mean_mask_overlap,0.07962558685446007,0.07764357394366195,0.08135115903755866,30,1.0,15.170503015092748
lamarckian,1.0,A_f1_blind,C2,adaptive_blind,adaptive-static,mean_weight_kl,0.6691181519782098,0.660777481204101,0.6775623566891942,30,1.0,28.70445645729291
lamarckian,1.0,A_f1_blind,C2,adaptive_blind,adaptive-static,eval_heldout_delta_cue,-0.08691379431561276,-0.14829775143342172,-0.029047965421031958,30,0.6666666666666666,-0.49527417318037825
lamarckian,1.0,A_f1_cells,A_f1_blind,adaptive_cells,cells-blind,rate,0.030163610277323342,0.020910941575841904,0.03988458886272952,30,0.8666666666666667,1.1028306086078445
lamarckian,1.0,A_f1_cells,A_f1_blind,adaptive_cells,cells-blind,delta_cue,0.01795586028794457,-0.007565167394981825,0.04375430540418081,30,0.5666666666666667,0.24334304134584728
lamarckian,1.0,A_f1_cells,A_f1_blind,adaptive_cells,cells-blind,delta_true,0.01795586028794457,-0.007565167394981825,0.04375430540418081,30,0.5666666666666667,0.24334304134584728
lamarckian,1.0,A_f1_cells,A_f1_blind,adaptive_cells,cells-blind,realised_enforcement,-0.0418083902762261,-0.0511229234512459,-0.0327256064159572,30,0.9333333333333333,-1.5558502879497733
lamarckian,1.0,A_f1_cells,A_f1_blind,adaptive_cells,cells-blind,mean_mask_overlap,-0.07472769953051642,-0.07620952171361502,-0.07321051936619719,30,1.0,-17.06358773790717
lamarckian,1.0,A_f1_cells,A_f1_blind,adaptive_cells,cells-blind,mean_weight_kl,-0.6584379335739194,-0.6668026587051833,-0.6501251838452503,30,1.0,-28.341620321313595
lamarckian,1.0,A_f1_cells,A_f1_blind,adaptive_cells,cells-blind,eval_heldout_delta_cue,0.06772160294896774,0.0074011274371356345,0.12370728824892921,30,0.6666666666666666,0.39807576543573453
lamarckian,1.0,A_f1_move,A_f1_cells,adaptive_move,move-cells,rate,0.0017811284252067876,-0.005472554474956582,0.008339383213714524,30,0.5,0.09009601333154152
lamarckian,1.0,A_f1_move,A_f1_cells,adaptive_move,move-cells,delta_cue,0.012022822188903963,-0.00520125296742958,0.029701170846106167,30,0.6,0.248706466840937
lamarckian,1.0,A_f1_move,A_f1_cells,adaptive_move,move-cells,delta_true,0.012022822188903963,-0.00520125296742958,0.029701170846106167,30,0.6,0.248706466840937
lamarckian,1.0,A_f1_move,A_f1_cells,adaptive_move,move-cells,realised_enforcement,0.0030494111777531535,-0.0031053061225631,0.009567996551940166,30,0.4666666666666667,0.17111099562969492
lamarckian,1.0,A_f1_move,A_f1_cells,adaptive_move,move-cells,mean_mask_overlap,0.03883802816901415,0.03699087441314557,0.040469556924882646,30,1.0,8.03332261009842
lamarckian,1.0,A_f1_move,A_f1_cells,adaptive_move,move-cells,mean_weight_kl,0.07321636972038194,0.07124261372795822,0.07516631563529469,30,1.0,13.384190288912604
lamarckian,1.0,A_f1_move,A_f1_cells,adaptive_move,move-cells,eval_heldout_delta_cue,-0.02150337875148463,-0.06688441690843043,0.02410320252395768,30,0.6333333333333333,-0.16572721496661053
